{
"type": "FeatureCollection",
"name": "plataformas_reales",
"crs": { "type": "name", "properties": { "name": "urn:ogc:def:crs:OGC:1.3:CRS84" } },
"features": [
{ "type": "Feature", "properties": { "id": 1, "numero": 1.0, "nombre": "F", "area_ha": 118.1837 }, "geometry": { "type": "Polygon", "coordinates": [ [ [ -78.674980295696912, -1.65958181887846 ], [ -78.674767123601924, -1.659994323439016 ], [ -78.674511645679601, -1.660186289239665 ], [ -78.673997095981903, -1.65965961015797 ], [ -78.674716577741407, -1.658938090825246 ], [ -78.674785793640183, -1.658869137936246 ], [ -78.674727233900882, -1.658794656152307 ], [ -78.674582849412104, -1.658689247307817 ], [ -78.673507067335748, -1.657523906966851 ], [ -78.672209544242776, -1.656129894146298 ], [ -78.673129140991449, -1.654775309345435 ], [ -78.67355788511685, -1.653902310606518 ], [ -78.673452275791021, -1.653768558704676 ], [ -78.674405999885721, -1.653012316483634 ], [ -78.675478055529922, -1.654529441302431 ], [ -78.676825695262522, -1.652466402388279 ], [ -78.676655277254412, -1.652238518061828 ], [ -78.676716968545207, -1.652191799132929 ], [ -78.680213281288076, -1.650068421553442 ], [ -78.680861518165045, -1.649578866869945 ], [ -78.682139902461842, -1.648826954169677 ], [ -78.682728099406134, -1.64836024860157 ], [ -78.683205014447964, -1.648038514620351 ], [ -78.684660641588678, -1.647136122192782 ], [ -78.679733223757907, -1.646183014668637 ], [ -78.678654462414869, -1.645974349358911 ], [ -78.678643977987591, -1.645972321203546 ], [ -78.677905011104798, -1.645829382506929 ], [ -78.677172654714113, -1.645687722424751 ], [ -78.677157199320476, -1.645684732030975 ], [ -78.673684276264723, -1.645012957720635 ], [ -78.671151752598107, -1.648165919459011 ], [ -78.67100615771794, -1.648344129913859 ], [ -78.669914079920318, -1.649680840896668 ], [ -78.668914397520439, -1.650923378537644 ], [ -78.667617019867791, -1.652522735313305 ], [ -78.668290366372943, -1.653273536799753 ], [ -78.669337114553699, -1.654473047107228 ], [ -78.669792789162983, -1.655040434131211 ], [ -78.670266335042271, -1.655587572786938 ], [ -78.670273060526128, -1.65559534315139 ], [ -78.67047311160826, -1.655826484134178 ], [ -78.670591339220124, -1.65597838286982 ], [ -78.671247159533678, -1.656680334127095 ], [ -78.671403320022733, -1.656852054067423 ], [ -78.671530056382764, -1.657008625693466 ], [ -78.671217460301804, -1.657256521076707 ], [ -78.671356981995601, -1.657454724062125 ], [ -78.671419456579031, -1.657687278146665 ], [ -78.671488617213555, -1.658300130740373 ], [ -78.671511351843151, -1.658370475007211 ], [ -78.67182557971087, -1.658894578411758 ], [ -78.672518101026299, -1.658351002109161 ], [ -78.672552038524131, -1.65839361582251 ], [ -78.674216137953096, -1.660625911965992 ], [ -78.675341153368009, -1.659780755236294 ], [ -78.675328296333063, -1.659735808828877 ], [ -78.675000904804307, -1.659555524026905 ], [ -78.674980295696912, -1.65958181887846 ] ] ] } },
{ "type": "Feature", "properties": { "id": 7, "numero": 7.0, "nombre": "I", "area_ha": 100.0123 }, "geometry": { "type": "Polygon", "coordinates": [ [ [ -78.662838612461343, -1.65819387820137 ], [ -78.662047552464273, -1.657855700380997 ], [ -78.660834832125914, -1.657089137999515 ], [ -78.659357885799096, -1.656155558243819 ], [ -78.657706088251601, -1.655112587969465 ], [ -78.657649422903347, -1.655297880231571 ], [ -78.657372953969045, -1.656046342695159 ], [ -78.657351382930372, -1.65610473930954 ], [ -78.657302378740354, -1.656277207918699 ], [ -78.657180135975182, -1.656259977539563 ], [ -78.656700313712093, -1.656319825605342 ], [ -78.656189245275741, -1.656379010769468 ], [ -78.655487905853278, -1.656551577372103 ], [ -78.655081292115995, -1.65674349780104 ], [ -78.654939614268642, -1.656695593465842 ], [ -78.654749669935867, -1.656816764744663 ], [ -78.654727207470359, -1.656831094704168 ], [ -78.654503732233692, -1.657025859992477 ], [ -78.654456576575129, -1.657066956654652 ], [ -78.654242424044767, -1.657275978484611 ], [ -78.654183997070675, -1.657343395899915 ], [ -78.654145541983681, -1.657387768017921 ], [ -78.654095192249642, -1.657453054471 ], [ -78.654059848920625, -1.657498882054488 ], [ -78.653945583544001, -1.657653012265876 ], [ -78.653846667975671, -1.65782177238866 ], [ -78.653802692689055, -1.657896799361614 ], [ -78.653760245077393, -1.657975904113565 ], [ -78.653694313078319, -1.658098771445862 ], [ -78.65364385901303, -1.658215968603286 ], [ -78.653603750123438, -1.658309136338823 ], [ -78.653589061696735, -1.658348411300256 ], [ -78.653510764249859, -1.658557765702599 ], [ -78.653441574363882, -1.658782506426741 ], [ -78.653430546520141, -1.658817916792777 ], [ -78.653396399866267, -1.658927566303251 ], [ -78.653367913204377, -1.659019040289275 ], [ -78.653250352435649, -1.659396544159727 ], [ -78.65321969803091, -1.659494978747582 ], [ -78.653024094875803, -1.660097462018758 ], [ -78.652878753137145, -1.660403430978359 ], [ -78.652766811928686, -1.660601810599941 ], [ -78.652586264534037, -1.660442565487582 ], [ -78.652518921332955, -1.66051112724164 ], [ -78.652351906716802, -1.660351907362985 ], [ -78.652120062496664, -1.660144715478791 ], [ -78.651922520588869, -1.660376477124342 ], [ -78.651466919402253, -1.660763393092675 ], [ -78.652003469697675, -1.661386157469988 ], [ -78.651790015194322, -1.661569969184498 ], [ -78.651350580713014, -1.661938020320439 ], [ -78.65112147731891, -1.662129907111164 ], [ -78.651091672141163, -1.662154871335404 ], [ -78.650816566564842, -1.66238528754103 ], [ -78.650330309603632, -1.662792554348875 ], [ -78.650256696254672, -1.662854210173128 ], [ -78.650201996868432, -1.662882845331112 ], [ -78.649356947876015, -1.663548153050058 ], [ -78.649312392449971, -1.665301134666449 ], [ -78.649971313815755, -1.664713544121741 ], [ -78.651426484618952, -1.666501300848153 ], [ -78.653024132876055, -1.665109032527686 ], [ -78.653043236831991, -1.665092384574866 ], [ -78.65401277375426, -1.664226508856546 ], [ -78.655514994643241, -1.665973333373374 ], [ -78.656069138422808, -1.665470969709172 ], [ -78.656542705342972, -1.666015419626673 ], [ -78.658309339268726, -1.664471516306923 ], [ -78.658641343439641, -1.664820212492562 ], [ -78.658772256059336, -1.664642000475247 ], [ -78.65936846509959, -1.663795249324513 ], [ -78.659668201176103, -1.663339416673791 ], [ -78.660080738773004, -1.662747252129251 ], [ -78.660542228687845, -1.662087978146143 ], [ -78.660933427549509, -1.661501742566739 ], [ -78.66121957434234, -1.66106162871903 ], [ -78.661368752306473, -1.660832181799906 ], [ -78.661913055530661, -1.660019536598049 ], [ -78.662031016476476, -1.659754192788944 ], [ -78.662327444142079, -1.659309679844685 ], [ -78.663013168430126, -1.658308889522313 ], [ -78.662916948525179, -1.658276486351647 ], [ -78.662877798990934, -1.658219037892064 ], [ -78.662838612461343, -1.65819387820137 ] ] ] } },
{ "type": "Feature", "properties": { "id": 9, "numero": 9.0, "nombre": "G", "area_ha": 123.5826 }, "geometry": { "type": "Polygon", "coordinates": [ [ [ -78.660349228832786, -1.650086935235803 ], [ -78.660346619851936, -1.650285446655912 ], [ -78.6603144513047, -1.650355965807173 ], [ -78.660292921362696, -1.650475527753012 ], [ -78.660304673388296, -1.650587953431751 ], [ -78.660354464839344, -1.650690857495754 ], [ -78.660419722381818, -1.650778233479355 ], [ -78.660511114896082, -1.650874012052375 ], [ -78.660660699581229, -1.651002147416815 ], [ -78.660892209888715, -1.651191369526502 ], [ -78.661016870469595, -1.651291970427522 ], [ -78.661084490444708, -1.65139250467795 ], [ -78.661168637673782, -1.651586336087561 ], [ -78.661250408915549, -1.651780164701768 ], [ -78.661359592453906, -1.651904904017741 ], [ -78.661383755610174, -1.651924708016815 ], [ -78.660729342378048, -1.652518516063696 ], [ -78.660496167656774, -1.65273588839352 ], [ -78.660090154440127, -1.653015117380468 ], [ -78.660724944041277, -1.653431640392892 ], [ -78.660772652681288, -1.653476659350446 ], [ -78.660806494374597, -1.653522436560211 ], [ -78.660876151954199, -1.653681695869881 ], [ -78.661140486819932, -1.654170736090923 ], [ -78.661587509308106, -1.654935278188999 ], [ -78.661784387608719, -1.655216654519983 ], [ -78.662112584286859, -1.655630488666648 ], [ -78.662463299208198, -1.65611050199955 ], [ -78.662590473989809, -1.656271896321892 ], [ -78.662711538904006, -1.656387804816114 ], [ -78.662785437089511, -1.656435438522039 ], [ -78.663017404938984, -1.656574218910789 ], [ -78.663177506587303, -1.656686039038735 ], [ -78.663397648574701, -1.656883716095143 ], [ -78.663711796256678, -1.65716971670324 ], [ -78.663750852913168, -1.65720377487017 ], [ -78.663785526103567, -1.657151831550919 ], [ -78.664885937643376, -1.655847646910389 ], [ -78.664893033149426, -1.655837030075752 ], [ -78.664962021981367, -1.655733801809055 ], [ -78.664972955699952, -1.655720295919689 ], [ -78.664982390622811, -1.65573094681853 ], [ -78.666086790481287, -1.654373737128773 ], [ -78.666537951656849, -1.653830227025326 ], [ -78.666585552983548, -1.653772881276602 ], [ -78.666601160417301, -1.653754079094801 ], [ -78.667348243309874, -1.652854071655865 ], [ -78.667617019867791, -1.652522735313305 ], [ -78.668914397520439, -1.650923378537644 ], [ -78.669171904601811, -1.650603315830762 ], [ -78.669914079920318, -1.649680840896668 ], [ -78.67100615771794, -1.648344129913859 ], [ -78.671151752598107, -1.648165919459011 ], [ -78.673684276264723, -1.645012957720635 ], [ -78.67319077236715, -1.644981676819256 ], [ -78.672824811631642, -1.644931020619747 ], [ -78.6719100249353, -1.644705120187818 ], [ -78.671750841430551, -1.644654705794846 ], [ -78.670928640690875, -1.644522193103076 ], [ -78.670454218928469, -1.644465091403625 ], [ -78.670025603125268, -1.644413502538894 ], [ -78.668960320384841, -1.644335279187479 ], [ -78.668927874049771, -1.64433289614534 ], [ -78.668635327116988, -1.644311414677085 ], [ -78.667746601624685, -1.644159688608226 ], [ -78.667564874489855, -1.644129946697183 ], [ -78.666686777197782, -1.643986235727217 ], [ -78.666614200556566, -1.643979230458503 ], [ -78.666613911710272, -1.643979655888533 ], [ -78.666559236944963, -1.643974378373457 ], [ -78.666456258299306, -1.643964438302962 ], [ -78.665945438495669, -1.643810765402885 ], [ -78.665564358184241, -1.643683553369855 ], [ -78.665188026977958, -1.64355969612665 ], [ -78.665081095470015, -1.643540914172702 ], [ -78.664955619276625, -1.643527851496478 ], [ -78.664679015730371, -1.643485909025906 ], [ -78.664482242791436, -1.64346845680682 ], [ -78.664266954326607, -1.643430892078579 ], [ -78.663812177851682, -1.643318422810812 ], [ -78.663631352673832, -1.643252845789904 ], [ -78.663616265800613, -1.64326604765442 ], [ -78.663587952597183, -1.643279159820055 ], [ -78.663564819931921, -1.643289872625885 ], [ -78.66354738370157, -1.643297947128317 ], [ -78.663520076439596, -1.643313501189531 ], [ -78.663451049537855, -1.6433509616954 ], [ -78.663415316252696, -1.643368108565823 ], [ -78.663336106675857, -1.643383640371486 ], [ -78.663306605970917, -1.643382043573747 ], [ -78.663275568479349, -1.64336638103534 ], [ -78.663253853498333, -1.643346041499147 ], [ -78.663226180726042, -1.643321349574243 ], [ -78.663213522573145, -1.643310054958067 ], [ -78.663103344070535, -1.643526721053592 ], [ -78.663050261984793, -1.643623510524095 ], [ -78.662974148259451, -1.643793189588904 ], [ -78.662958411551998, -1.643817513991493 ], [ -78.662360335495023, -1.644768728290729 ], [ -78.66211024590244, -1.645199964633932 ], [ -78.661934562369353, -1.645530265768129 ], [ -78.661910071617697, -1.64557631115882 ], [ -78.661874792960845, -1.645661955644998 ], [ -78.661536802939693, -1.646443411976639 ], [ -78.661523328180678, -1.646474567546909 ], [ -78.661145451726341, -1.647643141466947 ], [ -78.660992186159319, -1.64814030810043 ], [ -78.660938509385133, -1.64831442717931 ], [ -78.660341571858524, -1.649555873372799 ], [ -78.660233917608807, -1.649779760416715 ], [ -78.660264500087706, -1.6498226726199 ], [ -78.660268274804864, -1.649827969807993 ], [ -78.66035542826377, -1.649866901926844 ], [ -78.660349228832786, -1.650086935235803 ] ] ] } },
{ "type": "Feature", "properties": { "id": 10, "numero": 10.0, "nombre": "E", "area_ha": 122.2789 }, "geometry": { "type": "Polygon", "coordinates": [ [ [ -78.676716968545207, -1.652191799132929 ], [ -78.676655277158673, -1.652238518134337 ], [ -78.676825695262522, -1.652466402388279 ], [ -78.675478055529922, -1.654529441302431 ], [ -78.674405999885721, -1.653012316483634 ], [ -78.673452275791021, -1.653768558704676 ], [ -78.67355788511685, -1.653902310606518 ], [ -78.673129140991449, -1.654775309345435 ], [ -78.672209544242776, -1.656129894146298 ], [ -78.673507067335748, -1.657523906966851 ], [ -78.674582849412104, -1.658689247307817 ], [ -78.674727233900882, -1.658794656152307 ], [ -78.674785793640183, -1.658869137936246 ], [ -78.674716577741407, -1.658938090825246 ], [ -78.673997095981903, -1.65965961015797 ], [ -78.674511645679601, -1.660186289239665 ], [ -78.674767123601924, -1.659994323439016 ], [ -78.674980295696912, -1.65958181887846 ], [ -78.675000904804307, -1.659555524026905 ], [ -78.675328296333063, -1.659735808828877 ], [ -78.675341153368009, -1.659780755236294 ], [ -78.675151327970809, -1.660212655216484 ], [ -78.675178770283495, -1.660352552567864 ], [ -78.675158828585339, -1.661566462928298 ], [ -78.674982822243422, -1.661658825997703 ], [ -78.675045470700724, -1.661743569252389 ], [ -78.675152234157082, -1.661906575819085 ], [ -78.677496924237474, -1.661264761967914 ], [ -78.679253959309619, -1.660754999691617 ], [ -78.680418026210177, -1.660416742296319 ], [ -78.680420051282326, -1.660423431418517 ], [ -78.681380441613541, -1.660164268301841 ], [ -78.681410696663718, -1.659980869435422 ], [ -78.680894044078983, -1.659725535453073 ], [ -78.680683828612544, -1.659614068978291 ], [ -78.680594778861547, -1.65954579843456 ], [ -78.680498628524916, -1.659452405176278 ], [ -78.680398912814866, -1.65935900771745 ], [ -78.680434739577237, -1.659208367603942 ], [ -78.680449134009535, -1.659093579296122 ], [ -78.680459980670065, -1.658964436136857 ], [ -78.680467231774273, -1.658860402165828 ], [ -78.680463825244246, -1.658724066402283 ], [ -78.680453226137615, -1.658641537814694 ], [ -78.680428387299273, -1.658541052970839 ], [ -78.680350245969123, -1.658289823756487 ], [ -78.680183247115934, -1.65780529131258 ], [ -78.679767423073073, -1.656689034908688 ], [ -78.680055218602376, -1.656464925325261 ], [ -78.680149241600645, -1.656391708101587 ], [ -78.680723720648885, -1.655972627798772 ], [ -78.681390960745688, -1.65549625258977 ], [ -78.681501098079863, -1.655420246374301 ], [ -78.681904756634509, -1.655141677384712 ], [ -78.682154501315296, -1.654984113743506 ], [ -78.682728630000298, -1.654866395669608 ], [ -78.683174375692403, -1.654780814772214 ], [ -78.683366952951488, -1.654730814208092 ], [ -78.68374855878811, -1.654616457211108 ], [ -78.683932545544664, -1.654544022300114 ], [ -78.684039542389399, -1.654508271740028 ], [ -78.684318980218663, -1.654365092158499 ], [ -78.684675719035752, -1.654174168193175 ], [ -78.685109814294833, -1.653887663797159 ], [ -78.68459924320716, -1.653510357131086 ], [ -78.683987653522166, -1.653138911832076 ], [ -78.684576529262372, -1.652601450376489 ], [ -78.68558168701621, -1.651765503372741 ], [ -78.685766073658598, -1.651604273737069 ], [ -78.686122887951569, -1.651347574034569 ], [ -78.686413793901778, -1.65156317574974 ], [ -78.686704686103212, -1.651790737186576 ], [ -78.686894593978508, -1.651994261852114 ], [ -78.687143892837682, -1.652221774641133 ], [ -78.687363509669353, -1.652425334201678 ], [ -78.687839190331744, -1.652144855788144 ], [ -78.686902667408546, -1.6505836448452 ], [ -78.686662574698033, -1.650183403774034 ], [ -78.686481079535127, -1.649899763801772 ], [ -78.686482348172092, -1.649830402697556 ], [ -78.687434184244694, -1.648856860842226 ], [ -78.688205407679021, -1.648093143223208 ], [ -78.688272998606593, -1.647990816198307 ], [ -78.688177990117921, -1.647936889234682 ], [ -78.688017619897451, -1.647882886811936 ], [ -78.687928532141044, -1.647846905421201 ], [ -78.68775033595314, -1.647792882169321 ], [ -78.687364192566605, -1.647720677275223 ], [ -78.686419659411811, -1.647516271201189 ], [ -78.68535391433079, -1.647285948883775 ], [ -78.684660641588678, -1.647136122192782 ], [ -78.683205014447964, -1.648038514620351 ], [ -78.682728099406134, -1.64836024860157 ], [ -78.682139902461842, -1.648826954169677 ], [ -78.680861518165045, -1.649578866869945 ], [ -78.680213281288076, -1.650068421553442 ], [ -78.676716968545207, -1.652191799132929 ] ] ] } },
{ "type": "Feature", "properties": { "id": 2, "numero": 2.0, "nombre": "C", "area_ha": 240.7954 }, "geometry": { "type": "Polygon", "coordinates": [ [ [ -78.687364192566605, -1.647720677275223 ], [ -78.68775033595314, -1.647792882169321 ], [ -78.687928532141044, -1.647846905421201 ], [ -78.688017619897451, -1.647882886811936 ], [ -78.688177990117921, -1.647936889234682 ], [ -78.688272998606593, -1.647990816198307 ], [ -78.688679121194326, -1.648308660463321 ], [ -78.689391211414147, -1.649127487105938 ], [ -78.690245643749847, -1.650176092878611 ], [ -78.69060335581365, -1.649162233134385 ], [ -78.692400734547121, -1.643471032997324 ], [ -78.69240093271786, -1.643471356803248 ], [ -78.693062863037966, -1.641375399384537 ], [ -78.693062590051966, -1.64137531228479 ], [ -78.69310009497157, -1.641256553870275 ], [ -78.694345003865678, -1.637314590093522 ], [ -78.69434548691973, -1.637314012094269 ], [ -78.694571260003798, -1.636599104202891 ], [ -78.69458285257582, -1.636561443015165 ], [ -78.694417256631368, -1.63626907620872 ], [ -78.694239629702793, -1.635716363345628 ], [ -78.693969718865105, -1.634804773827543 ], [ -78.693621226670899, -1.634022250994027 ], [ -78.693542784806041, -1.634029335280851 ], [ -78.693214782268356, -1.634036132001569 ], [ -78.69300094725854, -1.633971305786139 ], [ -78.692826723318902, -1.633836221400202 ], [ -78.692686233908574, -1.633996614266003 ], [ -78.691905113098301, -1.635344687166526 ], [ -78.691581270202747, -1.635870508082072 ], [ -78.691400527086628, -1.635965971204574 ], [ -78.691219837789816, -1.636013598132251 ], [ -78.69107706786005, -1.636156940478672 ], [ -78.690925052962427, -1.636070659730052 ], [ -78.690810924589428, -1.636108795923279 ], [ -78.690782304925506, -1.636194867383587 ], [ -78.690373314237121, -1.636357035756042 ], [ -78.690145134171516, -1.636366339054654 ], [ -78.689916767050335, -1.636538283464784 ], [ -78.689859494747751, -1.636739127711703 ], [ -78.689859177033981, -1.637016576586134 ], [ -78.689868388831258, -1.63727490096071 ], [ -78.689630558612208, -1.637408565791304 ], [ -78.689326178468718, -1.637542153325442 ], [ -78.689079027893271, -1.637513165013657 ], [ -78.68871809986446, -1.637216163379028 ], [ -78.688380921584567, -1.636994979405916 ], [ -78.688231341546739, -1.636858473295673 ], [ -78.688060535595028, -1.636578435148339 ], [ -78.687847037551819, -1.636219417997185 ], [ -78.68770470339183, -1.635982465214731 ], [ -78.687362753702814, -1.635716579433676 ], [ -78.686949575463615, -1.635386033252539 ], [ -78.686564910232548, -1.635062694261624 ], [ -78.686264659303177, -1.63480543596249 ], [ -78.686316249081216, -1.634731358302322 ], [ -78.685663421314473, -1.634048940501736 ], [ -78.685449787646604, -1.633809513523203 ], [ -78.684992803254246, -1.633336605094134 ], [ -78.684561959036287, -1.632867315076485 ], [ -78.684046743307945, -1.632395534594133 ], [ -78.684039608040806, -1.632400310190175 ], [ -78.683253874257716, -1.631620373780176 ], [ -78.683022383803149, -1.631408432937386 ], [ -78.682780699992037, -1.631180384949634 ], [ -78.682702422994481, -1.631466217780383 ], [ -78.682281771943479, -1.631437028661686 ], [ -78.681970445370496, -1.631412750123505 ], [ -78.681535508558866, -1.631405069873773 ], [ -78.681233722603594, -1.631352100959965 ], [ -78.681335485904185, -1.632614422973315 ], [ -78.681384720047873, -1.633205728835354 ], [ -78.681483139034484, -1.634429958025165 ], [ -78.681520312450473, -1.634833021541518 ], [ -78.681549287323847, -1.635472856730382 ], [ -78.681560697092635, -1.635885453522883 ], [ -78.681524681421124, -1.636202322466099 ], [ -78.68151062994275, -1.636261995890213 ], [ -78.681499987974632, -1.636307187911288 ], [ -78.680994443196752, -1.636004676029317 ], [ -78.680913957910903, -1.636178598378046 ], [ -78.680778260326818, -1.636372174941783 ], [ -78.67925024106394, -1.63823598440347 ], [ -78.678626441032378, -1.639004935239641 ], [ -78.678626045217015, -1.639005424733721 ], [ -78.678185099784429, -1.639548971702145 ], [ -78.678048163607897, -1.639716103686474 ], [ -78.676022540197224, -1.642188390828268 ], [ -78.676014516957039, -1.642198183249654 ], [ -78.675801455320851, -1.642458225583072 ], [ -78.674439533170471, -1.644101615677332 ], [ -78.673684276264723, -1.645012957720635 ], [ -78.677157199320476, -1.645684732030975 ], [ -78.677172654714113, -1.645687722424751 ], [ -78.678643977987591, -1.645972321203546 ], [ -78.678654462414869, -1.645974349358911 ], [ -78.679733223757907, -1.646183014668637 ], [ -78.684660641588678, -1.647136122192782 ], [ -78.68535391433079, -1.647285948883775 ], [ -78.686419659411811, -1.647516271201189 ], [ -78.687364192566605, -1.647720677275223 ] ] ] } },
{ "type": "Feature", "properties": { "id": 3, "numero": 3.0, "nombre": "H", "area_ha": 163.6504 }, "geometry": { "type": "Polygon", "coordinates": [ [ [ -78.674982822243422, -1.661658825997703 ], [ -78.675158828585339, -1.661566462928298 ], [ -78.675178770283495, -1.660352552567864 ], [ -78.675151327970809, -1.660212655216484 ], [ -78.675341153368009, -1.659780755236294 ], [ -78.674216137953096, -1.660625911965992 ], [ -78.672552038524131, -1.65839361582251 ], [ -78.672518101026299, -1.658351002109161 ], [ -78.67182557971087, -1.658894578411758 ], [ -78.671511351843151, -1.658370475007211 ], [ -78.671488617213555, -1.658300130740373 ], [ -78.671419456579031, -1.657687278146665 ], [ -78.671356981995601, -1.657454724062125 ], [ -78.671217460301804, -1.657256521076707 ], [ -78.671530056382764, -1.657008625693466 ], [ -78.671403320022733, -1.656852054067423 ], [ -78.671247159533678, -1.656680334127095 ], [ -78.670600023585024, -1.655987678100241 ], [ -78.670600023916208, -1.655987677844007 ], [ -78.670591339220124, -1.65597838286982 ], [ -78.67047311160826, -1.655826484134178 ], [ -78.670273060526128, -1.65559534315139 ], [ -78.670266335042271, -1.655587572786938 ], [ -78.669792789162983, -1.655040434131211 ], [ -78.669337114553699, -1.654473047107228 ], [ -78.668290366372943, -1.653273536799753 ], [ -78.667617019867791, -1.652522735313305 ], [ -78.667348243309874, -1.652854071655865 ], [ -78.666601160417301, -1.653754079094801 ], [ -78.666585552983548, -1.653772881276602 ], [ -78.666537951656849, -1.653830227025326 ], [ -78.666086790481287, -1.654373737128773 ], [ -78.664982390622811, -1.65573094681853 ], [ -78.664931650734985, -1.655791184085566 ], [ -78.664893033149426, -1.655837030075752 ], [ -78.664885937643376, -1.655847646910389 ], [ -78.66471383474061, -1.656051619503429 ], [ -78.664711794936281, -1.656052191104268 ], [ -78.663785526103567, -1.657151831550919 ], [ -78.663889305050972, -1.657028835215978 ], [ -78.663864572944817, -1.65746188428794 ], [ -78.66384263484764, -1.657928250594767 ], [ -78.664020141867169, -1.658567059771784 ], [ -78.664339908130657, -1.659500223810848 ], [ -78.664382192573512, -1.659923614204862 ], [ -78.664552990622155, -1.660203652456342 ], [ -78.664811729082572, -1.660454207537828 ], [ -78.664288857686955, -1.660871907891757 ], [ -78.664207900642737, -1.660936580901786 ], [ -78.663819177100365, -1.661246065493578 ], [ -78.663144455028217, -1.661582922237926 ], [ -78.663026343567807, -1.661613091620612 ], [ -78.662838258725401, -1.661577160017626 ], [ -78.664800877617751, -1.664596894724501 ], [ -78.664996636563885, -1.66487217953869 ], [ -78.665296374793172, -1.665150578707306 ], [ -78.665691268366288, -1.665357338844549 ], [ -78.666567371369794, -1.665636424306217 ], [ -78.66675445967104, -1.665705410468644 ], [ -78.666908570583686, -1.665838352976172 ], [ -78.667311930851952, -1.666424814296307 ], [ -78.667779387267629, -1.667075930133833 ], [ -78.667971623686455, -1.667315335494357 ], [ -78.668199854680083, -1.667262989292513 ], [ -78.668418531086189, -1.667251291364348 ], [ -78.668779715598674, -1.667323474616007 ], [ -78.669112333135288, -1.667433891609329 ], [ -78.669387961940359, -1.667498798029171 ], [ -78.669616123689536, -1.667506245666675 ], [ -78.669929896829984, -1.667473134635634 ], [ -78.670319827191378, -1.667354010919987 ], [ -78.671423722644079, -1.66694752897845 ], [ -78.672666119178089, -1.666494571801883 ], [ -78.672854529525893, -1.666426246654353 ], [ -78.673643985605423, -1.666139959289038 ], [ -78.675844190824591, -1.665344437820756 ], [ -78.675864855328157, -1.665336934942813 ], [ -78.67727562178014, -1.664824728960977 ], [ -78.677803473695022, -1.664648363389737 ], [ -78.678654506136212, -1.664525000135924 ], [ -78.67876960928632, -1.664522713863311 ], [ -78.680294021208212, -1.664449446811688 ], [ -78.680804126933651, -1.663937855385555 ], [ -78.680808898965196, -1.663933069944688 ], [ -78.681164344244522, -1.663576589646192 ], [ -78.681142066999982, -1.66320285199298 ], [ -78.681148009261022, -1.663051381949557 ], [ -78.68115809183152, -1.662965289860198 ], [ -78.681131137782117, -1.662844710561103 ], [ -78.681081463844691, -1.662640873238507 ], [ -78.681052274841733, -1.662548710602645 ], [ -78.681035996374746, -1.662497312802075 ], [ -78.680918648515927, -1.662082340811865 ], [ -78.680904603021887, -1.662032669547603 ], [ -78.680904280956952, -1.66203153286534 ], [ -78.680874161535399, -1.661927612000401 ], [ -78.680871342312244, -1.661917885470426 ], [ -78.68075246700613, -1.661507732679547 ], [ -78.680593356331173, -1.660985179598583 ], [ -78.680500676297854, -1.660685322503655 ], [ -78.68049968650601, -1.660682117633803 ], [ -78.680435290774767, -1.660473772104323 ], [ -78.680418026210177, -1.660416742296319 ], [ -78.679253959309619, -1.660754999691617 ], [ -78.677496924237474, -1.661264761967914 ], [ -78.675152234157082, -1.661906575819085 ], [ -78.675045470700724, -1.661743569252389 ], [ -78.674982822243422, -1.661658825997703 ] ] ] } },
{ "type": "Feature", "properties": { "id": 4, "numero": 4.0, "nombre": "A", "area_ha": 151.2931 }, "geometry": { "type": "Polygon", "coordinates": [ [ [ -78.687362753702814, -1.635716579433676 ], [ -78.68770470339183, -1.635982465214731 ], [ -78.687847037551819, -1.636219417997185 ], [ -78.688060535595028, -1.636578435148339 ], [ -78.688231341546739, -1.636858473295673 ], [ -78.688380921584567, -1.636994979405916 ], [ -78.68871809986446, -1.637216163379028 ], [ -78.689079027893271, -1.637513165013657 ], [ -78.689326178468718, -1.637542153325442 ], [ -78.689630558612208, -1.637408565791304 ], [ -78.689868388831258, -1.63727490096071 ], [ -78.689859177033981, -1.637016576586134 ], [ -78.689859494747751, -1.636739127711703 ], [ -78.689916767050335, -1.636538283464784 ], [ -78.690145134171516, -1.636366339054654 ], [ -78.690373314237121, -1.636357035756042 ], [ -78.690782304925506, -1.636194867383587 ], [ -78.690810924589428, -1.636108795923279 ], [ -78.690925052962427, -1.636070659730052 ], [ -78.69107706786005, -1.636156940478672 ], [ -78.691219837789816, -1.636013598132251 ], [ -78.691400527086628, -1.635965971204574 ], [ -78.691581270202747, -1.635870508082072 ], [ -78.691905113098301, -1.635344687166526 ], [ -78.692686233908574, -1.633996614266003 ], [ -78.692826723318902, -1.633836221400202 ], [ -78.69300094725854, -1.633971305786139 ], [ -78.693214782268356, -1.634036132001569 ], [ -78.693542784806041, -1.634029335280851 ], [ -78.693621226670899, -1.634022250994027 ], [ -78.693969718865105, -1.634804773827543 ], [ -78.694239629702793, -1.635716363345628 ], [ -78.694417256631368, -1.63626907620872 ], [ -78.69458285257582, -1.636561443015165 ], [ -78.694571260003798, -1.636599104202891 ], [ -78.694954491273393, -1.635385601759191 ], [ -78.695273569714132, -1.63437427922358 ], [ -78.695862905747632, -1.63250812907302 ], [ -78.69593440292104, -1.632281731609224 ], [ -78.696484801714575, -1.630538864985836 ], [ -78.696485053249575, -1.630538067053097 ], [ -78.693005062752135, -1.628337888828832 ], [ -78.69298428675323, -1.628378655082852 ], [ -78.693004634378923, -1.628338575365439 ], [ -78.692108437948207, -1.627771966320084 ], [ -78.691453359881393, -1.627357801530707 ], [ -78.691365494826115, -1.627301292478283 ], [ -78.68868913066467, -1.625609193079047 ], [ -78.686655876380385, -1.624323690599305 ], [ -78.685166367865406, -1.623381965182631 ], [ -78.685138502318637, -1.623360224845387 ], [ -78.685078733981911, -1.623418837953868 ], [ -78.684960837613644, -1.62344290890038 ], [ -78.68481889870354, -1.62345484871065 ], [ -78.684383766665121, -1.623452846492344 ], [ -78.684181427382072, -1.623471058949047 ], [ -78.684135709301202, -1.623483109642121 ], [ -78.684073138918805, -1.623507245211383 ], [ -78.68403219075725, -1.623555611616384 ], [ -78.683998413585002, -1.62364271826838 ], [ -78.683926175607041, -1.623707994611552 ], [ -78.683776983079753, -1.623753816199094 ], [ -78.683586856171871, -1.623835900752142 ], [ -78.683437575412285, -1.623959185215381 ], [ -78.683276297725826, -1.624055827235932 ], [ -78.683105403929162, -1.624147617307627 ], [ -78.682994709846056, -1.624183800655647 ], [ -78.682924895887396, -1.624232134570037 ], [ -78.682864664923414, -1.624314368864278 ], [ -78.682765930010078, -1.624411082956805 ], [ -78.682582916976742, -1.624582742755745 ], [ -78.682503278988563, -1.624807777154504 ], [ -78.68248625642174, -1.624969945119642 ], [ -78.682503057535016, -1.625085463373348 ], [ -78.682525356182495, -1.625144294854588 ], [ -78.682584580056925, -1.625233916070597 ], [ -78.68262299932816, -1.625294478315852 ], [ -78.682630138697959, -1.625317562469271 ], [ -78.682629812999849, -1.625339278413529 ], [ -78.682606077977596, -1.625367080032476 ], [ -78.68251463625991, -1.625396022906546 ], [ -78.682411208712352, -1.625388640847959 ], [ -78.682339047049027, -1.625386136623763 ], [ -78.682276660791445, -1.625405541705826 ], [ -78.682255750509796, -1.625429753255012 ], [ -78.682244078932229, -1.625448679057831 ], [ -78.682238156932826, -1.625469536076919 ], [ -78.682238705742279, -1.625496348761363 ], [ -78.682240212594451, -1.625569996858826 ], [ -78.682293000299154, -1.625686251844899 ], [ -78.682309942736765, -1.625760520736717 ], [ -78.682308048787021, -1.625830097901225 ], [ -78.682297900311582, -1.62585173469034 ], [ -78.682266235134833, -1.625877166833368 ], [ -78.682172120104298, -1.625940717247144 ], [ -78.682129825233758, -1.62597337978635 ], [ -78.682090792024823, -1.625985619760099 ], [ -78.681989550568076, -1.626000593781744 ], [ -78.681818760686113, -1.626000396361192 ], [ -78.681679201667308, -1.626036545185334 ], [ -78.681380794391487, -1.626147553291865 ], [ -78.681101540045276, -1.626338466307544 ], [ -78.680865562186355, -1.626548795218836 ], [ -78.680772555143676, -1.626675683136636 ], [ -78.680771601465651, -1.626676983763256 ], [ -78.680694797509659, -1.626859194042807 ], [ -78.680610049709799, -1.627013275029051 ], [ -78.680495331546666, -1.627153681164743 ], [ -78.68047232259083, -1.627182797007064 ], [ -78.680530664500822, -1.627577751494354 ], [ -78.681221974992212, -1.62727214698857 ], [ -78.681100493161182, -1.627506401029806 ], [ -78.681038418884967, -1.627750290606788 ], [ -78.680990635049426, -1.627967888195799 ], [ -78.680990145520184, -1.62839601674451 ], [ -78.681010814383427, -1.629027471130877 ], [ -78.681081123032982, -1.62989576960377 ], [ -78.681252161987842, -1.62997130911203 ], [ -78.681750842923876, -1.630352181403455 ], [ -78.682691185191032, -1.631095920833215 ], [ -78.683022383803149, -1.631408432937386 ], [ -78.683253874257716, -1.631620373780176 ], [ -78.683411630217819, -1.631776965221626 ], [ -78.684039608040806, -1.632400310190175 ], [ -78.684046743307945, -1.632395534594133 ], [ -78.684561959036287, -1.632867315076485 ], [ -78.684992803254246, -1.633336605094134 ], [ -78.685449787646604, -1.633809513523203 ], [ -78.685663421314473, -1.634048940501736 ], [ -78.686316249081216, -1.634731358302322 ], [ -78.68626465921335, -1.634805435885538 ], [ -78.686564910232548, -1.635062694261624 ], [ -78.686949575463615, -1.635386033252539 ], [ -78.687362753702814, -1.635716579433676 ] ] ] } },
{ "type": "Feature", "properties": { "id": 12, "numero": 12.0, "nombre": "L", "area_ha": 148.4338 }, "geometry": { "type": "Polygon", "coordinates": [ [ [ -78.646559004383917, -1.645582461327158 ], [ -78.646512467577224, -1.645540735451935 ], [ -78.646464183676727, -1.645518106303348 ], [ -78.646407266593556, -1.645500675500547 ], [ -78.646352073070588, -1.645484984149545 ], [ -78.646272740211671, -1.645455373024135 ], [ -78.646222456549808, -1.645424490184816 ], [ -78.646193429760714, -1.645406662225382 ], [ -78.646124526068121, -1.645311085503782 ], [ -78.646086657982607, -1.645234643540085 ], [ -78.64605225150558, -1.645147788495484 ], [ -78.646043672785865, -1.645037609505392 ], [ -78.645995677438123, -1.644924437715285 ], [ -78.645978545718236, -1.644897387263496 ], [ -78.645935656889918, -1.644851034777642 ], [ -78.645827040074508, -1.644781647365665 ], [ -78.645794898337982, -1.64472604842154 ], [ -78.645760512217095, -1.64462183023244 ], [ -78.645691663046804, -1.644480531517307 ], [ -78.645589576610718, -1.644326222483388 ], [ -78.645416055596499, -1.64409359125194 ], [ -78.645245992108599, -1.643945227334505 ], [ -78.645066759260004, -1.643769071275565 ], [ -78.644984082758285, -1.643648590609394 ], [ -78.644935897315264, -1.643542041081732 ], [ -78.644913025388391, -1.643428577418094 ], [ -78.644885719798864, -1.64317157477486 ], [ -78.64487198740612, -1.643111367675696 ], [ -78.644872065384689, -1.643110747654562 ], [ -78.644881276173194, -1.643037297712115 ], [ -78.644897447412859, -1.642979440226651 ], [ -78.645029768457306, -1.642725578397313 ], [ -78.645097733158991, -1.642595186545923 ], [ -78.645239213483464, -1.642368481292467 ], [ -78.645325369785652, -1.642137079410861 ], [ -78.645331623395634, -1.642035224531419 ], [ -78.645331589717287, -1.642034834886403 ], [ -78.645322544324245, -1.641930265365166 ], [ -78.645279338941435, -1.641853532446213 ], [ -78.645236404238275, -1.641788821563575 ], [ -78.644717490058483, -1.641490014770885 ], [ -78.644578264312628, -1.641447709990972 ], [ -78.644377500311123, -1.641405379245756 ], [ -78.643740513780742, -1.641320304697085 ], [ -78.643519800147956, -1.641205834531063 ], [ -78.643464678911172, -1.641128601234376 ], [ -78.643405709101586, -1.640981874559055 ], [ -78.64319838856143, -1.640643670732884 ], [ -78.643040530031143, -1.640489414410608 ], [ -78.642926671697381, -1.640421156475629 ], [ -78.642597007609297, -1.640281082891895 ], [ -78.642559653620239, -1.640265044931019 ], [ -78.642524957509679, -1.640232234538302 ], [ -78.642464324631661, -1.640120371515493 ], [ -78.642383296984832, -1.639945105375535 ], [ -78.642175149555712, -1.639577539531685 ], [ -78.642009716478867, -1.63940448660288 ], [ -78.641923699346407, -1.639353164788838 ], [ -78.641713293601029, -1.639276518585536 ], [ -78.641540805586573, -1.639234643623323 ], [ -78.641435629622904, -1.639173749735361 ], [ -78.641361554398472, -1.6390746934565 ], [ -78.6413064811521, -1.638956561887763 ], [ -78.641299629636563, -1.638913146821283 ], [ -78.641230801508129, -1.638754773931023 ], [ -78.641180303924045, -1.638657483028882 ], [ -78.641086100885332, -1.638557824396822 ], [ -78.64098256633622, -1.638509793949215 ], [ -78.640938506397063, -1.638493333160365 ], [ -78.640844171684378, -1.638491602352998 ], [ -78.640768690211985, -1.63850883261456 ], [ -78.640648964600672, -1.638560300069604 ], [ -78.640589561360628, -1.638612036093427 ], [ -78.640492373766563, -1.638728433167022 ], [ -78.640181499520381, -1.638991978945872 ], [ -78.639958036973439, -1.639260257409969 ], [ -78.639796636552717, -1.639572595743272 ], [ -78.639743684909703, -1.639607258236498 ], [ -78.639676941263446, -1.639632644267507 ], [ -78.639596429138336, -1.639627918664755 ], [ -78.639518237385616, -1.639606990659803 ], [ -78.639348023012687, -1.63958826844741 ], [ -78.639226102357213, -1.639583493681205 ], [ -78.639044355798674, -1.639590222993062 ], [ -78.638848771132444, -1.639627031127887 ], [ -78.638772822905239, -1.639654721203186 ], [ -78.638722208856805, -1.639656976127305 ], [ -78.638679200928024, -1.639584542024999 ], [ -78.638550146663903, -1.639367189081806 ], [ -78.638430767008074, -1.639043147012585 ], [ -78.638396297004633, -1.639010695813063 ], [ -78.638308898028171, -1.638994386923865 ], [ -78.638111151463889, -1.638913125580791 ], [ -78.637938674849963, -1.638861990395881 ], [ -78.637915529964729, -1.638855862151253 ], [ -78.637915049538094, -1.63885573502771 ], [ -78.638051857323049, -1.639165270282103 ], [ -78.638654711801635, -1.640529260968776 ], [ -78.639333698000897, -1.641977762335641 ], [ -78.639946293869045, -1.643249925094322 ], [ -78.64099790589232, -1.64544111895645 ], [ -78.641284606553995, -1.646038503397337 ], [ -78.641503715719509, -1.646529411299534 ], [ -78.641823680949528, -1.647246285992037 ], [ -78.641824024085864, -1.647247054761523 ], [ -78.642142614884449, -1.648092934981773 ], [ -78.642852987647856, -1.649864964465692 ], [ -78.643239743763559, -1.65097713086703 ], [ -78.64348838349558, -1.65175234464254 ], [ -78.643723178264835, -1.652175959680883 ], [ -78.644228410371596, -1.653030406455139 ], [ -78.644534416550457, -1.653529444359342 ], [ -78.644793947382141, -1.654139644194517 ], [ -78.644974990457186, -1.654796387308506 ], [ -78.645149369645978, -1.655546166787451 ], [ -78.645159439498542, -1.655589463851312 ], [ -78.645200710655416, -1.655786955249415 ], [ -78.645315421045794, -1.65633586782675 ], [ -78.64546078366071, -1.657017682432073 ], [ -78.645581576652688, -1.657372997661671 ], [ -78.64570960953489, -1.65763504417283 ], [ -78.646571039573175, -1.658751814372525 ], [ -78.647087233858684, -1.659380260340678 ], [ -78.647959392950725, -1.660468343401039 ], [ -78.648164720938112, -1.660749460760319 ], [ -78.648258376668622, -1.660877687274297 ], [ -78.648791972873624, -1.661864913609486 ], [ -78.648755690813445, -1.661975860832245 ], [ -78.649043313484498, -1.662445582269152 ], [ -78.649218578903003, -1.662460740188359 ], [ -78.649455615951283, -1.662494309828333 ], [ -78.64944737279933, -1.662430918889331 ], [ -78.649727246109222, -1.660912505792375 ], [ -78.649863881358982, -1.659929669161076 ], [ -78.64993364869197, -1.65946814868357 ], [ -78.649942755693729, -1.659303727627074 ], [ -78.649937113588351, -1.659049599929129 ], [ -78.649860903856307, -1.658173538239196 ], [ -78.649882050266342, -1.657877586555895 ], [ -78.649932989403482, -1.657509919612406 ], [ -78.65025131154772, -1.654619295445448 ], [ -78.650506972687126, -1.653630507775294 ], [ -78.650510962168113, -1.653615078325844 ], [ -78.650794105014114, -1.652586952812164 ], [ -78.650821261171629, -1.652488344166788 ], [ -78.650997058862885, -1.651808637423277 ], [ -78.651103788525134, -1.651395971176002 ], [ -78.651051587870128, -1.651153832267163 ], [ -78.651004149731392, -1.651072457431691 ], [ -78.650591381864317, -1.650407064474591 ], [ -78.650520707814565, -1.650338666410684 ], [ -78.650056588162087, -1.649889488587424 ], [ -78.650016704712343, -1.649850889116529 ], [ -78.649961214265687, -1.649774967410982 ], [ -78.649734083988676, -1.649464210049574 ], [ -78.649649694546113, -1.649348750103021 ], [ -78.649459999273546, -1.64912000018802 ], [ -78.649440000602766, -1.648999999394051 ], [ -78.649499998685101, -1.648870000083462 ], [ -78.649759999589662, -1.648609999652134 ], [ -78.650079999166138, -1.648419998835082 ], [ -78.65023239188541, -1.64829699552797 ], [ -78.650270694706052, -1.648062649803346 ], [ -78.650395241110161, -1.647922322424349 ], [ -78.650233186399333, -1.647811006275553 ], [ -78.650128066438967, -1.647701496962563 ], [ -78.650005820530708, -1.64748257923197 ], [ -78.649804159155821, -1.647303502347068 ], [ -78.649708641227363, -1.647226738643887 ], [ -78.649541820737454, -1.647007818697204 ], [ -78.649450882582869, -1.646938462067454 ], [ -78.649331912885998, -1.646868869676539 ], [ -78.649187029339146, -1.646827025172189 ], [ -78.64907850665098, -1.64681417762839 ], [ -78.648907560929985, -1.646790231284932 ], [ -78.648781662438225, -1.646743202513492 ], [ -78.648690274379391, -1.646694479121153 ], [ -78.648597194445685, -1.64661623406266 ], [ -78.648549769710996, -1.646549499986433 ], [ -78.648531795584205, -1.646475518594706 ], [ -78.648511139057646, -1.646433823405263 ], [ -78.648463970323007, -1.646396979920598 ], [ -78.648337661527862, -1.646349057573695 ], [ -78.648276614469253, -1.646325894385681 ], [ -78.648166272250904, -1.646254574871836 ], [ -78.64811112138355, -1.646202421525067 ], [ -78.648061130127616, -1.646164164523656 ], [ -78.648002481250089, -1.646151940269127 ], [ -78.647816146200043, -1.646146510407363 ], [ -78.647741977798333, -1.646127323516519 ], [ -78.647660931447092, -1.646087292234501 ], [ -78.647574703102578, -1.646052463403545 ], [ -78.647466426909219, -1.646007277964394 ], [ -78.647403952805902, -1.645998437193865 ], [ -78.647357367986984, -1.645998381870947 ], [ -78.647314222145837, -1.646008747835945 ], [ -78.647279669012534, -1.646046904421938 ], [ -78.647276189309721, -1.646071209510419 ], [ -78.647238174559561, -1.646119779185947 ], [ -78.647193296112036, -1.646135353495626 ], [ -78.647155346527711, -1.646128362412274 ], [ -78.64713295312724, -1.646097082395324 ], [ -78.647114194880814, -1.646063667933949 ], [ -78.647075918574913, -1.646033488152638 ], [ -78.646948661301323, -1.646002468669811 ], [ -78.646812217107325, -1.645938700563241 ], [ -78.646743263359355, -1.645886529038839 ], [ -78.646693306799435, -1.645818755185843 ], [ -78.646638208973513, -1.645721458323762 ], [ -78.646600339970703, -1.645645016329581 ], [ -78.646559004383917, -1.645582461327158 ] ] ] } },
{ "type": "Feature", "properties": { "id": 17, "numero": 17.0, "nombre": "N", "area_ha": 106.2064 }, "geometry": { "type": "Polygon", "coordinates": [ [ [ -78.673269758562597, -1.690545032937803 ], [ -78.673100503016045, -1.690823823088308 ], [ -78.67287255395108, -1.691128990782384 ], [ -78.672995903256648, -1.691479981769931 ], [ -78.673125748200491, -1.691975704137586 ], [ -78.673399454623066, -1.692377842847353 ], [ -78.673526988249719, -1.692578901444016 ], [ -78.673460203524201, -1.692777047822554 ], [ -78.673246897187241, -1.693068771026274 ], [ -78.67316404896809, -1.693341902434182 ], [ -78.673307411632948, -1.693663522427508 ], [ -78.673597488697837, -1.693730840248128 ], [ -78.673919254917408, -1.693750034400493 ], [ -78.67424395274135, -1.694433001507498 ], [ -78.674293217904463, -1.694790225881703 ], [ -78.674361645031709, -1.695168567690077 ], [ -78.674385372954859, -1.695361463863373 ], [ -78.674345886680811, -1.695440921582541 ], [ -78.674369523058743, -1.695550971094164 ], [ -78.674416882387391, -1.695699318155864 ], [ -78.674507092776082, -1.695790314661951 ], [ -78.674630704440887, -1.695776113547545 ], [ -78.674820934943085, -1.69570459057539 ], [ -78.674987448184808, -1.695589987085973 ], [ -78.675287138035614, -1.695413358274309 ], [ -78.675320562076521, -1.695289026156976 ], [ -78.675391951919437, -1.695217359403835 ], [ -78.675544216586189, -1.695093170869014 ], [ -78.67583920951779, -1.694868700449417 ], [ -78.675761616502811, -1.694742556383341 ], [ -78.675826154578743, -1.69467710154246 ], [ -78.676007899267944, -1.694274313370868 ], [ -78.676272625820488, -1.694185393419981 ], [ -78.67633432196638, -1.69425222109193 ], [ -78.67637224882823, -1.694338370577311 ], [ -78.676514914320791, -1.694290707122822 ], [ -78.676638696204733, -1.694132999742887 ], [ -78.676692001391601, -1.693950912913771 ], [ -78.676901969170729, -1.693757011212657 ], [ -78.676952460140782, -1.693710383573626 ], [ -78.677306322564235, -1.693703072466522 ], [ -78.677306690885644, -1.693703064775071 ], [ -78.678159784413808, -1.693685437474032 ], [ -78.678167004074126, -1.693281206657034 ], [ -78.678039009933187, -1.69271995658452 ], [ -78.678155932520383, -1.692520264357265 ], [ -78.67821328849692, -1.692137611300887 ], [ -78.67894631699842, -1.691384526463376 ], [ -78.679064133449359, -1.690957075151761 ], [ -78.679123824170716, -1.69099798417903 ], [ -78.67917126398487, -1.691079361294628 ], [ -78.679332608674557, -1.691313950578208 ], [ -78.679437182886218, -1.691318859391671 ], [ -78.679475279758265, -1.691261502651349 ], [ -78.67952298678982, -1.691118053580229 ], [ -78.679661029895811, -1.690960361640892 ], [ -78.67982088737493, -1.690750135907044 ], [ -78.680345251814188, -1.690235124699912 ], [ -78.680353165337948, -1.690003429179454 ], [ -78.680679646098042, -1.689832666846961 ], [ -78.680651209549268, -1.689760878463191 ], [ -78.680371912695705, -1.689454521663463 ], [ -78.680363008624425, -1.689402963400915 ], [ -78.680461745749369, -1.689186623501879 ], [ -78.680770867655795, -1.689072189606434 ], [ -78.680899312691324, -1.688991022876747 ], [ -78.680889918338423, -1.688895340807464 ], [ -78.680633274099904, -1.688851980550636 ], [ -78.680348141377735, -1.688779884736597 ], [ -78.680239299008988, -1.688686622514142 ], [ -78.680091638241919, -1.688616935523134 ], [ -78.679958696559311, -1.688482836077839 ], [ -78.679730817348386, -1.688233816486368 ], [ -78.679816563931439, -1.688080846165943 ], [ -78.679612402325873, -1.68787490798666 ], [ -78.679817068837011, -1.687655109252253 ], [ -78.679992894889125, -1.687480603986891 ], [ -78.679989748332289, -1.687465228059897 ], [ -78.679750983682396, -1.687262778454072 ], [ -78.679385357882964, -1.686922706868505 ], [ -78.679791580928736, -1.686527355147371 ], [ -78.679861302905522, -1.686430571228321 ], [ -78.679681006206835, -1.686143340959905 ], [ -78.679633798544543, -1.6858658381093 ], [ -78.679582638955878, -1.685688591634296 ], [ -78.680162952025086, -1.685172857476084 ], [ -78.680057770764904, -1.685105760147569 ], [ -78.679739414880743, -1.684990573246333 ], [ -78.679758474005013, -1.684952327993132 ], [ -78.679777692591884, -1.684780142304864 ], [ -78.679858679985699, -1.684631949006157 ], [ -78.679825438435415, -1.684603207856708 ], [ -78.679920702697828, -1.684440680997246 ], [ -78.680030522098463, -1.684334594258618 ], [ -78.679998340974592, -1.684130893015302 ], [ -78.680118237962802, -1.683862838057697 ], [ -78.680737876057378, -1.6832571108716 ], [ -78.68111890695657, -1.68262972377875 ], [ -78.680349656685181, -1.682425502042092 ], [ -78.680201544198709, -1.68261195382368 ], [ -78.679924356873371, -1.683033749995333 ], [ -78.679611747872102, -1.683354423420935 ], [ -78.679265266408777, -1.683345865329688 ], [ -78.679075907815815, -1.683301181750149 ], [ -78.678990314762913, -1.683324997544318 ], [ -78.679001204838727, -1.683473249358539 ], [ -78.678734784705838, -1.683698950677295 ], [ -78.678412276256068, -1.68386920879569 ], [ -78.67765147234681, -1.684026215886855 ], [ -78.677451540451727, -1.684055358043827 ], [ -78.677265458572293, -1.68380943583972 ], [ -78.676985872026478, -1.683966720510069 ], [ -78.67679588787513, -1.684234953626417 ], [ -78.676584787426705, -1.684430728419001 ], [ -78.67641488714834, -1.684486505923863 ], [ -78.676222015552753, -1.684814680684164 ], [ -78.676112339038724, -1.684871502183121 ], [ -78.675846219792078, -1.685013761269313 ], [ -78.67563648416187, -1.685125879845495 ], [ -78.675504882447257, -1.685466619905648 ], [ -78.675177035676498, -1.685344313184828 ], [ -78.675011492298381, -1.685205490604754 ], [ -78.674374978508055, -1.684899350429005 ], [ -78.673696170598532, -1.684906571858573 ], [ -78.673432681779929, -1.684868080304712 ], [ -78.672947622384854, -1.684797182459755 ], [ -78.672572586007334, -1.684545599552992 ], [ -78.672337109027609, -1.684456920485729 ], [ -78.672263689716161, -1.684459204232 ], [ -78.671901860228374, -1.684470459305276 ], [ -78.671562607684493, -1.684347499691592 ], [ -78.671454221810407, -1.684286010375053 ], [ -78.671161587372794, -1.684119994579733 ], [ -78.670684495310368, -1.684067187374255 ], [ -78.670485058968112, -1.683890152200608 ], [ -78.670066181758003, -1.68357020812687 ], [ -78.669639072015443, -1.683457189613392 ], [ -78.669517249717387, -1.683489186467676 ], [ -78.669383516175216, -1.683464919356038 ], [ -78.66879932654831, -1.683398295186422 ], [ -78.668086660991449, -1.683086508580449 ], [ -78.667354073687946, -1.682901271036519 ], [ -78.667136231346262, -1.682846188420972 ], [ -78.666985315313113, -1.682786316690144 ], [ -78.666471045032424, -1.682582294374914 ], [ -78.665805773835103, -1.682390152795484 ], [ -78.665211608027562, -1.682365519052285 ], [ -78.66481517343243, -1.682383505937362 ], [ -78.664358832105847, -1.682382956088167 ], [ -78.663873884262415, -1.682454124101323 ], [ -78.663762722840715, -1.682482973127249 ], [ -78.663577368821024, -1.682454048718564 ], [ -78.663411108126112, -1.682358177785534 ], [ -78.663239895196767, -1.682429723796988 ], [ -78.663139011721711, -1.682429602165533 ], [ -78.66302123199857, -1.682429460156259 ], [ -78.662952178493313, -1.682391449139637 ], [ -78.662938792602873, -1.682412741315399 ], [ -78.662925242010715, -1.682434294538585 ], [ -78.662830039772885, -1.682544798204478 ], [ -78.662648415595967, -1.682876434516013 ], [ -78.662606544381219, -1.683109580381983 ], [ -78.662585557988123, -1.683268007824581 ], [ -78.662500881218776, -1.683311341266135 ], [ -78.662438308227934, -1.683343362914724 ], [ -78.662475528065897, -1.683446443787445 ], [ -78.662494600882184, -1.683499265705355 ], [ -78.662585183763426, -1.683750137273716 ], [ -78.66264620640672, -1.684041348876895 ], [ -78.663025751356443, -1.684446400146853 ], [ -78.663223768334674, -1.684536092180611 ], [ -78.663336587178151, -1.684587193149911 ], [ -78.663725552726731, -1.684763374988297 ], [ -78.664159383591681, -1.684872511259185 ], [ -78.664214370530317, -1.684828392568185 ], [ -78.664390349126407, -1.684747284867501 ], [ -78.664471159199451, -1.684747382379379 ], [ -78.664632768857885, -1.684757144981108 ], [ -78.664751585166371, -1.68477642173431 ], [ -78.664894192646528, -1.684776593789917 ], [ -78.665008232330862, -1.684814999976295 ], [ -78.665112742424881, -1.684872528065825 ], [ -78.665302884895226, -1.684872757447508 ], [ -78.665362025330808, -1.684804014164225 ], [ -78.665393328091511, -1.68476762921102 ], [ -78.66549805472944, -1.684643383874077 ], [ -78.665640701254432, -1.684610071993254 ], [ -78.665803011870523, -1.684621222023212 ], [ -78.665824749759679, -1.684586806109822 ], [ -78.666493026928293, -1.684647858689644 ], [ -78.66661053112594, -1.684525138217508 ], [ -78.666895848024467, -1.684439378089188 ], [ -78.667128789810207, -1.684425308290229 ], [ -78.667437766133503, -1.684430464408757 ], [ -78.667646832361285, -1.684507252752196 ], [ -78.667898709152496, -1.684560174519445 ], [ -78.668084069655322, -1.684584315981012 ], [ -78.66824552040346, -1.684728015812006 ], [ -78.668445028753169, -1.684847844251446 ], [ -78.668602680097322, -1.685013108287612 ], [ -78.66891571555513, -1.685145772508973 ], [ -78.669015150351242, -1.685106840736178 ], [ -78.669248058422198, -1.685121472723544 ], [ -78.669604548569083, -1.685145819345952 ], [ -78.669794606349768, -1.685217800971116 ], [ -78.669889546629989, -1.685327936793392 ], [ -78.66993617637803, -1.685466110790645 ], [ -78.669998526654879, -1.685624646710856 ], [ -78.670183745312002, -1.68576837532372 ], [ -78.6704117584529, -1.685902588763327 ], [ -78.670806169260899, -1.686017868238038 ], [ -78.670960932113871, -1.68597081482122 ], [ -78.67108189406531, -1.686003849707517 ], [ -78.671290870054776, -1.686157174630301 ], [ -78.671495075149522, -1.686324843494462 ], [ -78.671627874191174, -1.686578530715423 ], [ -78.671622939160898, -1.686731598106421 ], [ -78.671717737383361, -1.686961322292966 ], [ -78.671826911046637, -1.687095392748812 ], [ -78.671936254521583, -1.68708595680261 ], [ -78.67211676041012, -1.687196195873903 ], [ -78.672149774057203, -1.687416278071126 ], [ -78.67216364214238, -1.687746358882212 ], [ -78.672400986220964, -1.688028873428971 ], [ -78.672638375889235, -1.688273119283686 ], [ -78.672875793177326, -1.688493447890617 ], [ -78.673132374077809, -1.688589428210133 ], [ -78.673312925744355, -1.688661398679626 ], [ -78.673464892386548, -1.688785954132514 ], [ -78.673464681782434, -1.688962944754813 ], [ -78.673245908088745, -1.689053568456611 ], [ -78.673136330950811, -1.689259128394018 ], [ -78.673120940515801, -1.689416470884043 ], [ -78.673102645486182, -1.689603501790361 ], [ -78.6731971132686, -1.690110670866914 ], [ -78.673269758562597, -1.690545032937803 ] ] ] } },
{ "type": "Feature", "properties": { "id": 6, "numero": 6.0, "nombre": "K", "area_ha": 158.148 }, "geometry": { "type": "Polygon", "coordinates": [ [ [ -78.657039860149624, -1.66886902408651 ], [ -78.656993444927451, -1.668807707726742 ], [ -78.656975767556901, -1.668780954521684 ], [ -78.65684132103101, -1.668818927905416 ], [ -78.656757705042239, -1.668719314828553 ], [ -78.656667258158862, -1.66861156332311 ], [ -78.655869140264755, -1.667670405291704 ], [ -78.655888174108071, -1.667659166541813 ], [ -78.655927881113442, -1.667624609542698 ], [ -78.654934222262497, -1.666474331220721 ], [ -78.655514994643241, -1.665973333373374 ], [ -78.655361019338613, -1.665794287305645 ], [ -78.654012773829237, -1.664226508789588 ], [ -78.653043236831991, -1.665092384574866 ], [ -78.651426484618952, -1.666501300848153 ], [ -78.650558847968725, -1.665435361699007 ], [ -78.650555686987005, -1.665431479016412 ], [ -78.650507188717214, -1.665371895099385 ], [ -78.649971313815755, -1.664713544121741 ], [ -78.649312392449971, -1.665301134666449 ], [ -78.649356947876015, -1.663548153050058 ], [ -78.649346334162544, -1.663335332203013 ], [ -78.648467145408659, -1.664113636036345 ], [ -78.648009448426208, -1.663534609831392 ], [ -78.647457432272205, -1.664018896099977 ], [ -78.646923095111234, -1.663344848167366 ], [ -78.646920911967172, -1.663346618206566 ], [ -78.645686901001966, -1.664347161204061 ], [ -78.645101614065524, -1.664863069440921 ], [ -78.645065872498236, -1.664894475088579 ], [ -78.644532062587032, -1.665363529317066 ], [ -78.643585228548787, -1.666118173107963 ], [ -78.643459732169802, -1.666263327300895 ], [ -78.643457376312213, -1.666266052599324 ], [ -78.643366268772496, -1.666371431682654 ], [ -78.642923777405471, -1.666724872800418 ], [ -78.642295714132203, -1.66723594377914 ], [ -78.642238730780647, -1.667280849504704 ], [ -78.641786616882243, -1.667637138289764 ], [ -78.641717895430631, -1.667689719742965 ], [ -78.642159623108853, -1.66821089101197 ], [ -78.642673615245656, -1.667790299033905 ], [ -78.644867149906744, -1.670371180308149 ], [ -78.644826199840026, -1.670406345397712 ], [ -78.644378493250287, -1.670798486989179 ], [ -78.644286309377847, -1.670883953162732 ], [ -78.643764395778703, -1.671343832056885 ], [ -78.643692905845512, -1.671403639956398 ], [ -78.643689010645247, -1.671405323839472 ], [ -78.64335504452221, -1.671700198129306 ], [ -78.643294195790048, -1.671753924372986 ], [ -78.643210755047548, -1.671830234829965 ], [ -78.642851059033219, -1.672148471164683 ], [ -78.642657913855899, -1.672317906268908 ], [ -78.642596704617546, -1.672371850757341 ], [ -78.643096839820316, -1.672946496267021 ], [ -78.644202864333209, -1.671935692849476 ], [ -78.645140291761322, -1.673032290962057 ], [ -78.644013514712995, -1.674036588254326 ], [ -78.644445652131765, -1.674538617143297 ], [ -78.645747284329332, -1.673410217119941 ], [ -78.646144805591916, -1.6730656002406 ], [ -78.646609730475504, -1.673680423771307 ], [ -78.647205710923657, -1.673171705897191 ], [ -78.647684575128821, -1.673740722197208 ], [ -78.648628859125225, -1.674906840718286 ], [ -78.648065693899142, -1.675383111119238 ], [ -78.648539959576439, -1.675980260253542 ], [ -78.649144899816292, -1.675488006749465 ], [ -78.649610640269486, -1.676077766805623 ], [ -78.650141966929553, -1.675568366039643 ], [ -78.650607605038303, -1.676166879220578 ], [ -78.6510124067715, -1.676666174730003 ], [ -78.651078395586836, -1.676609055483105 ], [ -78.651515801969168, -1.676227129123981 ], [ -78.65153801098667, -1.676207958538881 ], [ -78.651541001432165, -1.676204934787259 ], [ -78.651543483060678, -1.676201476520603 ], [ -78.651577190762154, -1.676172868914248 ], [ -78.651637590544553, -1.676121607747059 ], [ -78.652081441998916, -1.675734440336573 ], [ -78.652113353970208, -1.675706603417767 ], [ -78.652206249766465, -1.67562886824249 ], [ -78.652440045952716, -1.675426260878331 ], [ -78.652667809191612, -1.675228881882359 ], [ -78.652708915728113, -1.675193839699993 ], [ -78.652755027272718, -1.675154530527608 ], [ -78.652757018074226, -1.675152876872157 ], [ -78.652758702929972, -1.675150909173417 ], [ -78.652777078488498, -1.67513509303526 ], [ -78.653096939964072, -1.674859779655228 ], [ -78.653232152027158, -1.674743399466388 ], [ -78.653269327212158, -1.674713206775909 ], [ -78.653327372976548, -1.674666061943255 ], [ -78.653582896059476, -1.67444463812799 ], [ -78.653795567406661, -1.674260346125353 ], [ -78.653880335930452, -1.67418887347679 ], [ -78.65418957612323, -1.673920744029493 ], [ -78.654363763346723, -1.673769712840433 ], [ -78.654447563786931, -1.673696464465195 ], [ -78.654942844802179, -1.67326080854766 ], [ -78.654981753501644, -1.673229240194953 ], [ -78.655030117826271, -1.67319000044248 ], [ -78.655198520932842, -1.67304868776634 ], [ -78.655415278046988, -1.672857889734327 ], [ -78.655446194895205, -1.672830584768326 ], [ -78.655521988082995, -1.672763177951565 ], [ -78.655535878052873, -1.672748410349663 ], [ -78.6556302733173, -1.672671080494514 ], [ -78.65563505951927, -1.672668000121914 ], [ -78.65563927081196, -1.672664161537279 ], [ -78.655642789390612, -1.672659672170496 ], [ -78.655824038183752, -1.672502405354121 ], [ -78.656085084463925, -1.672275684404966 ], [ -78.656104901610917, -1.672258472365363 ], [ -78.656188063964478, -1.672177816796166 ], [ -78.656383277666507, -1.672017504862849 ], [ -78.656574646393707, -1.671830131722407 ], [ -78.656577795045266, -1.671827765313875 ], [ -78.656580500532883, -1.671824896673329 ], [ -78.656582686400398, -1.671821610681407 ], [ -78.656584288759248, -1.671817999465616 ], [ -78.656599579336884, -1.671797028714513 ], [ -78.656232200340924, -1.671307000041749 ], [ -78.655745881144639, -1.671730235965507 ], [ -78.655220619958797, -1.671102798952003 ], [ -78.655730232083783, -1.670656444206555 ], [ -78.655340734940737, -1.670163069155947 ], [ -78.655358258992351, -1.670148625897803 ], [ -78.656349389471998, -1.669390161473584 ], [ -78.657000138737132, -1.6688921739673 ], [ -78.657039860149624, -1.66886902408651 ] ] ] } },
{ "type": "Feature", "properties": { "id": 8, "numero": 8.0, "nombre": "D", "area_ha": 195.8332 }, "geometry": { "type": "Polygon", "coordinates": [ [ [ -78.680434739577237, -1.659208367603942 ], [ -78.680398912814866, -1.65935900771745 ], [ -78.680498628524916, -1.659452405176278 ], [ -78.680594778861547, -1.65954579843456 ], [ -78.680683828612544, -1.659614068978291 ], [ -78.680894044078983, -1.659725535453073 ], [ -78.681410696663718, -1.659980869435422 ], [ -78.681380441613541, -1.660164268301841 ], [ -78.680420051282326, -1.660423431418517 ], [ -78.680435290774767, -1.660473772104323 ], [ -78.68049968650601, -1.660682117633803 ], [ -78.680500676297854, -1.660685322503655 ], [ -78.680593356331173, -1.660985179598583 ], [ -78.68075246700613, -1.661507732679547 ], [ -78.680871342312244, -1.661917885470426 ], [ -78.680874161535399, -1.661927612000401 ], [ -78.680904280956952, -1.66203153286534 ], [ -78.680904603021887, -1.662032669547603 ], [ -78.680918648515927, -1.662082340811865 ], [ -78.681035996374746, -1.662497312802075 ], [ -78.681052274841733, -1.662548710602645 ], [ -78.681081463844691, -1.662640873238507 ], [ -78.681131137782117, -1.662844710561103 ], [ -78.68115809183152, -1.662965289860198 ], [ -78.681148009261022, -1.663051381949557 ], [ -78.681142066999982, -1.66320285199298 ], [ -78.681164344244522, -1.663576589646192 ], [ -78.680808898965196, -1.663933069944688 ], [ -78.680804126933651, -1.663937855385555 ], [ -78.680294021208212, -1.664449446811688 ], [ -78.681779375057786, -1.664320143320982 ], [ -78.682245202358104, -1.664339828974072 ], [ -78.683081886984098, -1.66429298264526 ], [ -78.68340518591333, -1.664245528984852 ], [ -78.683595507575248, -1.664092679328969 ], [ -78.684271241864607, -1.663471613112977 ], [ -78.684739072211499, -1.663250169572168 ], [ -78.685234574654856, -1.663075363219153 ], [ -78.686041356783448, -1.66212067515849 ], [ -78.686440947275926, -1.661872400257753 ], [ -78.68809559519913, -1.661529931875038 ], [ -78.688235795130595, -1.661467424739982 ], [ -78.688438030719738, -1.661377260037254 ], [ -78.68853277802377, -1.66133766412829 ], [ -78.68969843035174, -1.661500564088803 ], [ -78.691405711926564, -1.661086739658094 ], [ -78.692105463866881, -1.66189211012645 ], [ -78.693366815097647, -1.662255188120122 ], [ -78.69397620813973, -1.66092459062592 ], [ -78.694226773557418, -1.66037748340543 ], [ -78.694225898374313, -1.660376124588646 ], [ -78.694244402761299, -1.660338990617849 ], [ -78.694283074594537, -1.660261384391056 ], [ -78.694321388188669, -1.660229330577392 ], [ -78.694454370313267, -1.660118077431872 ], [ -78.694482687624685, -1.660112197685796 ], [ -78.695463875741808, -1.659399674725224 ], [ -78.695448727445665, -1.659382567965076 ], [ -78.695505814906895, -1.659344365469528 ], [ -78.695677016356029, -1.65928237995539 ], [ -78.695900491357492, -1.65923480561192 ], [ -78.696285721875853, -1.659072614254738 ], [ -78.696561547100657, -1.658972481745365 ], [ -78.696634165553377, -1.659022040357933 ], [ -78.696723042426598, -1.659082693700413 ], [ -78.696875224618694, -1.659025468716255 ], [ -78.69704115134023, -1.658903591126333 ], [ -78.697070288830432, -1.65888218896349 ], [ -78.697227235095369, -1.658815401673128 ], [ -78.697422177566963, -1.658777361433053 ], [ -78.697443399550096, -1.658757094435808 ], [ -78.697522185641986, -1.658681853641265 ], [ -78.697517090946249, -1.658439000800815 ], [ -78.697516477997453, -1.658417504113309 ], [ -78.697554425229725, -1.658266415036369 ], [ -78.697609546077373, -1.658094718819175 ], [ -78.69765972889607, -1.657861576239908 ], [ -78.69778119491852, -1.657646454936808 ], [ -78.697571104580376, -1.657423770639096 ], [ -78.697257855507459, -1.657000053999671 ], [ -78.696741082195004, -1.656385488729117 ], [ -78.69666684419353, -1.656296170010539 ], [ -78.696642588246903, -1.656263917133019 ], [ -78.69661880326889, -1.656234558476357 ], [ -78.69660775917373, -1.656217604800314 ], [ -78.696510216070536, -1.656087899335649 ], [ -78.696439061413201, -1.655958658668217 ], [ -78.696439047995881, -1.655958608933128 ], [ -78.696410664201977, -1.655850993811415 ], [ -78.696303952485394, -1.655639193655909 ], [ -78.696302263752713, -1.655635215033549 ], [ -78.69626128621033, -1.655538687988101 ], [ -78.696260232121276, -1.655539002247349 ], [ -78.696053666624891, -1.655600581713837 ], [ -78.695590242742782, -1.655763186880406 ], [ -78.695230659711243, -1.655872269805228 ], [ -78.695230394134782, -1.655871988354082 ], [ -78.695132140580228, -1.655767979809982 ], [ -78.69513127151852, -1.655768316884464 ], [ -78.695061509293254, -1.655795398271977 ], [ -78.695061221339401, -1.655795047187581 ], [ -78.695060320822037, -1.655795396880995 ], [ -78.694138234993048, -1.654673202994437 ], [ -78.693838551690376, -1.654261061685469 ], [ -78.694117993579098, -1.654023610047957 ], [ -78.69484250254078, -1.653336806321983 ], [ -78.693488928026227, -1.651910277081451 ], [ -78.69237857375515, -1.650692938653682 ], [ -78.692784763044997, -1.650231654896734 ], [ -78.692835179365062, -1.650240726510815 ], [ -78.692893879412466, -1.650156745975578 ], [ -78.692124978900694, -1.650009428565578 ], [ -78.692184182795259, -1.64973932060393 ], [ -78.692229512099374, -1.649484883295539 ], [ -78.692240384830569, -1.649068299304625 ], [ -78.69060335581365, -1.649162233134385 ], [ -78.690245643749847, -1.650176092878611 ], [ -78.689391211414147, -1.649127487105938 ], [ -78.688679121194326, -1.648308660463321 ], [ -78.688272998606593, -1.647990816198307 ], [ -78.688205407679021, -1.648093143223208 ], [ -78.687434184244694, -1.648856860842226 ], [ -78.686482348172092, -1.649830402697556 ], [ -78.686481079535127, -1.649899763801772 ], [ -78.686662574698033, -1.650183403774034 ], [ -78.686902667408546, -1.6505836448452 ], [ -78.687839190331744, -1.652144855788144 ], [ -78.687363509669353, -1.652425334201678 ], [ -78.687143892837682, -1.652221774641133 ], [ -78.686894593978508, -1.651994261852114 ], [ -78.686704686103212, -1.651790737186576 ], [ -78.686413793901778, -1.65156317574974 ], [ -78.686122887951569, -1.651347574034569 ], [ -78.685766073658598, -1.651604273737069 ], [ -78.685710780688296, -1.65165262259261 ], [ -78.68558168701621, -1.651765503372741 ], [ -78.685288298055482, -1.652009502983334 ], [ -78.6852728205631, -1.652022374710546 ], [ -78.684576529262372, -1.652601450376489 ], [ -78.683987653522166, -1.653138911832076 ], [ -78.68459924320716, -1.653510357131086 ], [ -78.685109814294833, -1.653887663797159 ], [ -78.684675719035752, -1.654174168193175 ], [ -78.684318980218663, -1.654365092158499 ], [ -78.684039542389399, -1.654508271740028 ], [ -78.683932545544664, -1.654544022300114 ], [ -78.68374855878811, -1.654616457211108 ], [ -78.683366952951488, -1.654730814208092 ], [ -78.683174375692403, -1.654780814772214 ], [ -78.682939048155234, -1.654825996538979 ], [ -78.682790246129983, -1.654854565421585 ], [ -78.682778140522572, -1.654856889782658 ], [ -78.682728630000298, -1.654866395669608 ], [ -78.682154501315296, -1.654984113743506 ], [ -78.681973123065845, -1.655098544882013 ], [ -78.681904756634509, -1.655141677384712 ], [ -78.681501098079863, -1.655420246374301 ], [ -78.681390960745688, -1.65549625258977 ], [ -78.680723720648885, -1.655972627798772 ], [ -78.680149241600645, -1.656391708101587 ], [ -78.680055218602376, -1.656464925325261 ], [ -78.679767423073073, -1.656689034908688 ], [ -78.680183247115934, -1.65780529131258 ], [ -78.680350245969123, -1.658289823756487 ], [ -78.680428387299273, -1.658541052970839 ], [ -78.680453226137615, -1.658641537814694 ], [ -78.680463825244246, -1.658724066402283 ], [ -78.680467231774273, -1.658860402165828 ], [ -78.680459980670065, -1.658964436136857 ], [ -78.680449134009535, -1.659093579296122 ], [ -78.680434739577237, -1.659208367603942 ] ] ] } },
{ "type": "Feature", "properties": { "id": 11, "numero": 11.0, "nombre": "Q", "area_ha": 191.2945 }, "geometry": { "type": "Polygon", "coordinates": [ [ [ -78.641288359341559, -1.678341593753156 ], [ -78.638873442329128, -1.6786342592432 ], [ -78.63762003367826, -1.678886482139028 ], [ -78.637609898709584, -1.678853957413549 ], [ -78.637143393945038, -1.677041459149084 ], [ -78.636865644085503, -1.677119145171026 ], [ -78.636830528988881, -1.67712744956831 ], [ -78.636646136803137, -1.676476626282892 ], [ -78.636395883032463, -1.676587088611915 ], [ -78.636393555503375, -1.676584896416389 ], [ -78.636392356661162, -1.676583837337946 ], [ -78.636389892401525, -1.676581804071481 ], [ -78.636386036769011, -1.676578959174893 ], [ -78.636382083752679, -1.676576421502966 ], [ -78.636379362001506, -1.676574872440784 ], [ -78.636375160530775, -1.676572773786642 ], [ -78.636370836563231, -1.676570949784442 ], [ -78.63636789324336, -1.676569892201789 ], [ -78.636364906655999, -1.676568959311678 ], [ -78.636361883978779, -1.676568158354384 ], [ -78.636357291282522, -1.676567200009693 ], [ -78.636354199940641, -1.67656672800676 ], [ -78.636351092271212, -1.676566387960674 ], [ -78.636347973661799, -1.676566181685895 ], [ -78.636346410701023, -1.676566130973156 ], [ -78.636343318799405, -1.676566125407704 ], [ -78.636340262673045, -1.676566250054537 ], [ -78.636337215375505, -1.676566503072992 ], [ -78.636335697057902, -1.676566678401996 ], [ -78.636332671089278, -1.676567123083753 ], [ -78.636329666525498, -1.676567696152429 ], [ -78.63632817496773, -1.676568028801227 ], [ -78.6363261585999, -1.676568536178541 ], [ -78.636324365018098, -1.676569034787084 ], [ -78.636322262247674, -1.67656968126768 ], [ -78.636319332601943, -1.676570702786542 ], [ -78.636317116373959, -1.676571576924635 ], [ -78.636315025884471, -1.676572469294519 ], [ -78.636313616587245, -1.67657312023367 ], [ -78.636312219831311, -1.676573800114462 ], [ -78.636310839209841, -1.676574508941242 ], [ -78.636309472926243, -1.676575246711862 ], [ -78.636307640948118, -1.676576302106901 ], [ -78.63630547267654, -1.676577635509803 ], [ -78.63630417452606, -1.676578487260903 ], [ -78.636302275751419, -1.676579811951834 ], [ -78.636300342711678, -1.676581245075111 ], [ -78.636299073130644, -1.676582243300818 ], [ -78.636296603932934, -1.67658432480854 ], [ -78.63629540432062, -1.676585404474766 ], [ -78.636293675827773, -1.6765870566025 ], [ -78.636291949016496, -1.676588804550972 ], [ -78.63629042532655, -1.676590462351287 ], [ -78.636288725207848, -1.676592423664367 ], [ -78.636286711801802, -1.676594954085167 ], [ -78.636283902598109, -1.676598909971792 ], [ -78.636282176396534, -1.67660164684221 ], [ -78.636280572275169, -1.676604456176964 ], [ -78.636279092032765, -1.676607336170375 ], [ -78.636278400390864, -1.676608799728698 ], [ -78.636277112273376, -1.676611770350591 ], [ -78.636275470272011, -1.676616203133373 ], [ -78.636274532438691, -1.676619213954767 ], [ -78.63627336994027, -1.676623799183901 ], [ -78.636272280945093, -1.676630011612243 ], [ -78.636271729175419, -1.676636183111792 ], [ -78.636271663875874, -1.676641192722984 ], [ -78.636272003701521, -1.676646953104992 ], [ -78.63627260005758, -1.676651533240169 ], [ -78.636274070310051, -1.676658473746808 ], [ -78.636275854520363, -1.676664286505515 ], [ -78.63627810963483, -1.676669931701879 ], [ -78.63628082132864, -1.676675369544714 ], [ -78.636263409148242, -1.676679660223112 ], [ -78.636332815935575, -1.676943392436964 ], [ -78.635938032253833, -1.677043927085197 ], [ -78.636018154288564, -1.677334107402625 ], [ -78.634584539337936, -1.677705922246733 ], [ -78.634270978749868, -1.677787245816976 ], [ -78.634058432469971, -1.677842370201683 ], [ -78.633840077867845, -1.677899001587672 ], [ -78.633448207232945, -1.678000634405118 ], [ -78.633365962143998, -1.677653050296054 ], [ -78.633422959716441, -1.677642281358489 ], [ -78.633373299349614, -1.677434142903632 ], [ -78.633316580791046, -1.677165007402663 ], [ -78.633202968595114, -1.676773826653756 ], [ -78.633179998515729, -1.676686376991476 ], [ -78.63240874501723, -1.676897389482875 ], [ -78.631933266907438, -1.677017814671911 ], [ -78.631771043451337, -1.676374124354354 ], [ -78.631367504225537, -1.676695987637234 ], [ -78.629953497791476, -1.677805881436941 ], [ -78.629945239591535, -1.677044339528892 ], [ -78.63011583359939, -1.676520407991449 ], [ -78.630161469788945, -1.676380248927163 ], [ -78.630241045457439, -1.676135855604035 ], [ -78.630622079316396, -1.675504912356451 ], [ -78.631211108263258, -1.67492138246392 ], [ -78.631217056595375, -1.674915489641727 ], [ -78.630754750965252, -1.674374359043187 ], [ -78.630149638099908, -1.673584364080122 ], [ -78.629752758575961, -1.673145571606693 ], [ -78.629662628755355, -1.673244839060122 ], [ -78.62937594350521, -1.673575526008157 ], [ -78.628961724761098, -1.674134677939072 ], [ -78.62894699006219, -1.674156492085538 ], [ -78.62864959184148, -1.674596763420369 ], [ -78.628561247719659, -1.674743774671398 ], [ -78.628557864305506, -1.674749403935097 ], [ -78.628442913673837, -1.674940688703191 ], [ -78.628198648194626, -1.67544838362005 ], [ -78.628077387600712, -1.675872734538395 ], [ -78.627833962717943, -1.676562923850243 ], [ -78.627621604888361, -1.67708727792608 ], [ -78.627358310778632, -1.67759653433686 ], [ -78.627034273395026, -1.678264616108864 ], [ -78.62685411194974, -1.678647391608852 ], [ -78.626812334064539, -1.678900226055221 ], [ -78.62679470044877, -1.679006942181307 ], [ -78.626687626072297, -1.679158722679319 ], [ -78.62661258266111, -1.679265099247253 ], [ -78.626451440787079, -1.67984600505736 ], [ -78.626043897120141, -1.680778264882596 ], [ -78.625468036416009, -1.68183403246101 ], [ -78.62544012050229, -1.68183993627198 ], [ -78.625364530366866, -1.6818559221223 ], [ -78.625321888300903, -1.682722856714038 ], [ -78.625445356034689, -1.683805246277307 ], [ -78.625529219161677, -1.684245718414965 ], [ -78.625604770250064, -1.68464253171483 ], [ -78.625616305948299, -1.684929548634993 ], [ -78.625711121363537, -1.685138937695583 ], [ -78.626378976743993, -1.685850799800113 ], [ -78.626901611828472, -1.686816190387197 ], [ -78.626303266049774, -1.687191519690856 ], [ -78.624979339349963, -1.68802198850926 ], [ -78.624601333292247, -1.687618135906495 ], [ -78.623553123393293, -1.688175537069161 ], [ -78.624394277611458, -1.689513270655259 ], [ -78.625145744625669, -1.689280476594241 ], [ -78.625774683424908, -1.690113393035101 ], [ -78.626566101141691, -1.691177078865946 ], [ -78.627029449477803, -1.691771799646907 ], [ -78.627086573275875, -1.691845120154505 ], [ -78.627201482786091, -1.691992609897043 ], [ -78.62720182181144, -1.691993044207514 ], [ -78.627759715179039, -1.692709116992962 ], [ -78.628722015072412, -1.693944257903841 ], [ -78.629476469142361, -1.692945563667111 ], [ -78.629671293161323, -1.692687669141124 ], [ -78.629671315658101, -1.692687636626771 ], [ -78.631935352645087, -1.689450389385035 ], [ -78.633653880354871, -1.687088515428591 ], [ -78.634210962644048, -1.686311318051606 ], [ -78.635150076089957, -1.685001136696729 ], [ -78.63546733049337, -1.684672532897797 ], [ -78.63563533855303, -1.684498514527511 ], [ -78.636011967458714, -1.684075044689207 ], [ -78.63653243935633, -1.683609297877977 ], [ -78.637195688387237, -1.683000221666353 ], [ -78.637567511630024, -1.682678272000495 ], [ -78.637579190819352, -1.682668159278093 ], [ -78.637823206540915, -1.682456873464804 ], [ -78.638492381810565, -1.681859761272633 ], [ -78.6391645130158, -1.681274610244026 ], [ -78.639949675801034, -1.680575990795401 ], [ -78.64128087579013, -1.679370242159638 ], [ -78.641830080461673, -1.678872653069661 ], [ -78.641403654648045, -1.678326359762244 ], [ -78.641288359341559, -1.678341593753156 ] ] ] } },
{ "type": "Feature", "properties": { "id": 5, "numero": 5.0, "nombre": "B", "area_ha": 137.593 }, "geometry": { "type": "Polygon", "coordinates": [ [ [ -78.681499987974632, -1.636307187911288 ], [ -78.681524681421124, -1.636202322466099 ], [ -78.681560697092635, -1.635885453522883 ], [ -78.681549287323847, -1.635472856730382 ], [ -78.681520312450473, -1.634833021541518 ], [ -78.681483139034484, -1.634429958025165 ], [ -78.681384720047873, -1.633205728835354 ], [ -78.68136919478502, -1.633019269552865 ], [ -78.681368698572811, -1.633013309039804 ], [ -78.681335485904185, -1.632614422973315 ], [ -78.681233722603594, -1.631352100959965 ], [ -78.681535508558866, -1.631405069873773 ], [ -78.681970445370496, -1.631412750123505 ], [ -78.682281771943479, -1.631437028661686 ], [ -78.682702422994481, -1.631466217780383 ], [ -78.682780699992037, -1.631180384949634 ], [ -78.682691185191032, -1.631095920833215 ], [ -78.681750842923876, -1.630352181403455 ], [ -78.681252161987842, -1.62997130911203 ], [ -78.681081123032982, -1.62989576960377 ], [ -78.681010814383427, -1.629027471130877 ], [ -78.680990145520184, -1.62839601674451 ], [ -78.680990635049426, -1.627967888195799 ], [ -78.681038418884967, -1.627750290606788 ], [ -78.681100493161182, -1.627506401029806 ], [ -78.681221974992212, -1.62727214698857 ], [ -78.680530664500822, -1.627577751494354 ], [ -78.68047232259083, -1.627182797007064 ], [ -78.679928342953275, -1.627848586654247 ], [ -78.679771875288836, -1.627945233274133 ], [ -78.679538333184396, -1.628128936792832 ], [ -78.679405967980301, -1.628184459449713 ], [ -78.679338562239607, -1.628230374852493 ], [ -78.679266317539557, -1.628300491368885 ], [ -78.679204631040975, -1.628409369135326 ], [ -78.679169278279957, -1.62844267772268 ], [ -78.679095306154977, -1.628493949692115 ], [ -78.678970127346645, -1.628576109078013 ], [ -78.678881021953771, -1.628665571013339 ], [ -78.678767737342682, -1.628863937847512 ], [ -78.678738710830388, -1.629004305509355 ], [ -78.678748204933015, -1.629115668510787 ], [ -78.678746186443433, -1.629227855244832 ], [ -78.678724978944857, -1.62929580345361 ], [ -78.678697426047904, -1.629345576153804 ], [ -78.678576991864603, -1.629485837760268 ], [ -78.678422827061411, -1.62967205277408 ], [ -78.678331177239926, -1.629882547897119 ], [ -78.678282924000825, -1.630008368965256 ], [ -78.678209058290449, -1.630148548000776 ], [ -78.678159999953564, -1.630221247683328 ], [ -78.678108001035298, -1.63026378545089 ], [ -78.678028436951095, -1.630324437654949 ], [ -78.678019684818608, -1.63033937024024 ], [ -78.67801966567356, -1.630356070296004 ], [ -78.678028377499373, -1.630376296960181 ], [ -78.678056981610425, -1.63040082795606 ], [ -78.678092396184866, -1.630439033189932 ], [ -78.678123572313339, -1.630521372914636 ], [ -78.678118565796055, -1.630693236715649 ], [ -78.678077513673202, -1.630831169446849 ], [ -78.677969063973336, -1.631007754801831 ], [ -78.677930332568636, -1.631081844092007 ], [ -78.677771799511532, -1.631385100686593 ], [ -78.67776471908428, -1.631446232958379 ], [ -78.677769410917222, -1.631550328672704 ], [ -78.677757293887126, -1.631627776399249 ], [ -78.677689843517001, -1.631712423279243 ], [ -78.677619318428455, -1.631779717446797 ], [ -78.677618660354881, -1.631779389442287 ], [ -78.677568814193691, -1.631826952119766 ], [ -78.677453192777804, -1.631964797169952 ], [ -78.677341265809261, -1.632062924835569 ], [ -78.677308652778706, -1.632148602915941 ], [ -78.677298891302073, -1.632269626841748 ], [ -78.677298902044768, -1.632270441337418 ], [ -78.677303302309767, -1.632618212693454 ], [ -78.677303289671372, -1.632618266917362 ], [ -78.677303301211467, -1.632619169099723 ], [ -78.677281543017983, -1.632713551525817 ], [ -78.67718280446968, -1.632812685208045 ], [ -78.677188319372277, -1.632806192933227 ], [ -78.677182805568165, -1.632811728801842 ], [ -78.677175539528847, -1.632855292936763 ], [ -78.677175606272712, -1.632855839920365 ], [ -78.677179307637303, -1.632886001796143 ], [ -78.677195011029909, -1.633013996964828 ], [ -78.677209131100554, -1.633037656000251 ], [ -78.677217423470069, -1.633051550730776 ], [ -78.67731755997778, -1.633118833603109 ], [ -78.677397631268562, -1.633191597454084 ], [ -78.677449906116706, -1.633274961551449 ], [ -78.677449905896552, -1.633275153194308 ], [ -78.677449476418531, -1.633275234052626 ], [ -78.677449905018037, -1.633275917957829 ], [ -78.677454579893123, -1.6333477308082 ], [ -78.67745463285614, -1.633348544449102 ], [ -78.677435330302458, -1.633399356234069 ], [ -78.67740655764203, -1.633426169066744 ], [ -78.677404187863672, -1.633434835448606 ], [ -78.677309478159998, -1.633524519087866 ], [ -78.677022983080647, -1.633734786970571 ], [ -78.676970611008755, -1.633778266052189 ], [ -78.676897777806559, -1.633838731440827 ], [ -78.676767689807676, -1.634005607759084 ], [ -78.676637632394289, -1.634145857446832 ], [ -78.676519646755963, -1.634247389385791 ], [ -78.676391033962588, -1.634330448824115 ], [ -78.676289939450044, -1.634367499876722 ], [ -78.676176355681136, -1.634383693393546 ], [ -78.676081497238144, -1.634394886221661 ], [ -78.675926752881963, -1.634392193818713 ], [ -78.675828185937419, -1.634373241042651 ], [ -78.675770779594131, -1.634373174167972 ], [ -78.675733327516596, -1.634384433852142 ], [ -78.675686767888095, -1.634420456382571 ], [ -78.675675946619592, -1.634429403079984 ], [ -78.675648359368395, -1.634476012475847 ], [ -78.675612135144505, -1.634506110632128 ], [ -78.675559697503829, -1.63452614310825 ], [ -78.675495376372453, -1.634553941349775 ], [ -78.675469120263315, -1.634571773315381 ], [ -78.675299579473773, -1.634669590209425 ], [ -78.675176808525848, -1.634749330540659 ], [ -78.675151534118697, -1.634796155036621 ], [ -78.675145470275368, -1.634807390711994 ], [ -78.675135857628078, -1.634872166526661 ], [ -78.675146219271411, -1.634919932013642 ], [ -78.675153700992539, -1.634954421072002 ], [ -78.675157309158195, -1.634971055715137 ], [ -78.675212534734982, -1.635058265139113 ], [ -78.675259887799925, -1.63510009124161 ], [ -78.675284367702233, -1.635136356543251 ], [ -78.675306628605384, -1.635202458589316 ], [ -78.675309653057369, -1.635272779664565 ], [ -78.675309651058043, -1.635273736068403 ], [ -78.675309651172711, -1.635274416762163 ], [ -78.675309599089573, -1.635319657967891 ], [ -78.675309597988516, -1.635320614372793 ], [ -78.675298665672443, -1.635375292150114 ], [ -78.675289318885945, -1.635401845479014 ], [ -78.675278420747574, -1.635426834928938 ], [ -78.675250436158862, -1.635456491569266 ], [ -78.675194650756566, -1.635527050514895 ], [ -78.675191981598417, -1.635529672547389 ], [ -78.675173933064514, -1.635553851829742 ], [ -78.67516469222214, -1.635567186444335 ], [ -78.675158545602372, -1.635581651020388 ], [ -78.675158502366642, -1.635581753119196 ], [ -78.675161701477023, -1.635653275774938 ], [ -78.675164706225402, -1.635727422445175 ], [ -78.675170245335423, -1.635852809402649 ], [ -78.675173104166689, -1.6358773719433 ], [ -78.675178901387767, -1.636305844109111 ], [ -78.675178096565219, -1.636336211323107 ], [ -78.675177953682962, -1.636342495594085 ], [ -78.675171192296119, -1.636640260849496 ], [ -78.675171189397517, -1.636641217252177 ], [ -78.675148072718684, -1.636724586535667 ], [ -78.675056522736583, -1.636847935623325 ], [ -78.675041404460998, -1.636868171548188 ], [ -78.675018471954971, -1.636917210760048 ], [ -78.675010638978989, -1.637002806279048 ], [ -78.674998541699154, -1.63710406632863 ], [ -78.674998494531465, -1.637104462214771 ], [ -78.674998526391789, -1.637104877176662 ], [ -78.675007974752575, -1.637227928295038 ], [ -78.675019472541777, -1.637316324295003 ], [ -78.675022081927693, -1.637367893713499 ], [ -78.675009322661083, -1.637430122042519 ], [ -78.674971656933607, -1.637471586807585 ], [ -78.674880474368962, -1.637530954687479 ], [ -78.67481941180462, -1.637570712537045 ], [ -78.674820274344313, -1.637571106044956 ], [ -78.674819410701815, -1.637571668941573 ], [ -78.674738102425167, -1.637624607509244 ], [ -78.674631198019739, -1.637711124162175 ], [ -78.674485187912538, -1.637842987322431 ], [ -78.674458764672693, -1.637885717188746 ], [ -78.674393671901839, -1.638011516956482 ], [ -78.674348002815734, -1.638115637677298 ], [ -78.674339606117172, -1.638176656119739 ], [ -78.674338076958747, -1.638243838654948 ], [ -78.674309118999119, -1.638323688179678 ], [ -78.674224849056017, -1.638391368840466 ], [ -78.674162303424183, -1.638393716593979 ], [ -78.674116346187247, -1.638383981316721 ], [ -78.67405889268457, -1.638371809951488 ], [ -78.673914692277933, -1.638260288921389 ], [ -78.67381371792429, -1.638211757651036 ], [ -78.673781276887809, -1.63820942816241 ], [ -78.673711204896946, -1.638204397912685 ], [ -78.673653583589029, -1.638209995777276 ], [ -78.673630405376315, -1.638218129769365 ], [ -78.67358035816055, -1.638235691545465 ], [ -78.673539663606107, -1.638278493273138 ], [ -78.673522285309375, -1.63831808240748 ], [ -78.673518354666228, -1.638333391139589 ], [ -78.673508034469194, -1.638373586953976 ], [ -78.673507967407488, -1.638431683502869 ], [ -78.67355500763567, -1.638533530532867 ], [ -78.67357108796854, -1.638576370600728 ], [ -78.673571629600545, -1.638590411765055 ], [ -78.67356543604653, -1.638629930806957 ], [ -78.673549529958706, -1.638678151902899 ], [ -78.673524664194701, -1.638696873972707 ], [ -78.673496701150412, -1.63870777936952 ], [ -78.673460987678894, -1.63870773761372 ], [ -78.673426835480797, -1.638699884632391 ], [ -78.673425762903619, -1.638699117712051 ], [ -78.673411372383569, -1.638687302213335 ], [ -78.673365308122882, -1.638655912084464 ], [ -78.67330863743716, -1.638615409246371 ], [ -78.673272051116314, -1.638586331719882 ], [ -78.673164427987473, -1.638538278075959 ], [ -78.673107695168653, -1.63853526117001 ], [ -78.673067638209943, -1.638540099409061 ], [ -78.672977460962855, -1.638575220026267 ], [ -78.672819761774122, -1.638636637824679 ], [ -78.672662351061092, -1.638684731359408 ], [ -78.67254533759133, -1.638744463778799 ], [ -78.672469009043027, -1.638791524863084 ], [ -78.672392511634982, -1.63884712196527 ], [ -78.672324145922019, -1.638884544237992 ], [ -78.672272873891487, -1.638911048422848 ], [ -78.672229371224418, -1.638932874591446 ], [ -78.672212082566759, -1.638933723986596 ], [ -78.672198313626751, -1.63893440032081 ], [ -78.672157940737605, -1.638934353084325 ], [ -78.671999334685992, -1.63892313089489 ], [ -78.671975104323209, -1.638923711821185 ], [ -78.671898106318167, -1.638942987545799 ], [ -78.671835508520488, -1.63899132839529 ], [ -78.671763222966732, -1.639095333615276 ], [ -78.671686094367217, -1.639228381429012 ], [ -78.671652205860539, -1.639307185402521 ], [ -78.671610812158661, -1.639369618671416 ], [ -78.671572837446249, -1.639400117662724 ], [ -78.671534397675345, -1.639422622272842 ], [ -78.671490094599619, -1.639430482884285 ], [ -78.671402715853802, -1.639430376067762 ], [ -78.671380986198059, -1.639422537588779 ], [ -78.671331327838303, -1.639395915299906 ], [ -78.67129409377938, -1.639367744588308 ], [ -78.671286353319516, -1.639347421445526 ], [ -78.671286384029642, -1.639320857331805 ], [ -78.671298952837077, -1.639194302269919 ], [ -78.671300597206638, -1.639114611744918 ], [ -78.671292862162872, -1.639089600605912 ], [ -78.671282010883502, -1.639073961827055 ], [ -78.671261836185565, -1.639064563107841 ], [ -78.671226120060808, -1.639066083364907 ], [ -78.671190402129184, -1.639069167492273 ], [ -78.671162459878772, -1.639062883810395 ], [ -78.671134527567943, -1.639047225037319 ], [ -78.671109712390646, -1.639022194810935 ], [ -78.671083354904255, -1.638987786773387 ], [ -78.671064081591695, -1.638944632052512 ], [ -78.67100851887885, -1.638864289707617 ], [ -78.671007413131676, -1.638862690189398 ], [ -78.670992722531992, -1.638843957140858 ], [ -78.670925237089904, -1.638757899490225 ], [ -78.670817835646361, -1.638606071791006 ], [ -78.670745644840622, -1.638551977641086 ], [ -78.6707127281895, -1.638543074758043 ], [ -78.670695693732554, -1.638543956984413 ], [ -78.670675546074165, -1.638557806669243 ], [ -78.670670053546004, -1.638565892602797 ], [ -78.670649972163886, -1.638595456119438 ], [ -78.670637511164941, -1.638619439292866 ], [ -78.670609306296683, -1.638695818171938 ], [ -78.670590037531369, -1.638715569110373 ], [ -78.670542433271578, -1.638786372169861 ], [ -78.670540879628788, -1.638787576250285 ], [ -78.670540112084566, -1.638788700797464 ], [ -78.670513691389232, -1.63880898393536 ], [ -78.670495047278479, -1.638818337206037 ], [ -78.670479523014919, -1.638815193997883 ], [ -78.670472066892742, -1.638807673257384 ], [ -78.670462461863139, -1.63879798589102 ], [ -78.670422007559424, -1.638748747964905 ], [ -78.670404538415141, -1.638737901539201 ], [ -78.670362922970526, -1.638735758313169 ], [ -78.670356431392008, -1.638735424378941 ], [ -78.670316646550475, -1.63874503945572 ], [ -78.67027461575978, -1.638763388793996 ], [ -78.670231141148776, -1.638760211955488 ], [ -78.670131765827918, -1.638758533534356 ], [ -78.670061908473485, -1.638742825673345 ], [ -78.670001370011136, -1.638725566659568 ], [ -78.669900702220048, -1.63864529086366 ], [ -78.669772082322609, -1.63857739568722 ], [ -78.669663571093196, -1.638549576345802 ], [ -78.669601344152269, -1.638533622499223 ], [ -78.669413775037867, -1.638482568895674 ], [ -78.669348836084893, -1.638475230337479 ], [ -78.669286293461923, -1.638475157092775 ], [ -78.669228976266467, -1.638499112108504 ], [ -78.669228534092937, -1.638499296904832 ], [ -78.669175543976934, -1.638559752126884 ], [ -78.669141633945003, -1.638605140597866 ], [ -78.669139405425526, -1.638608122901791 ], [ -78.669078454572059, -1.63867872942865 ], [ -78.669030955719165, -1.638707334205789 ], [ -78.668963582257817, -1.638724197514973 ], [ -78.668957817025998, -1.638724190761153 ], [ -78.6689503477361, -1.63872418201105 ], [ -78.668910661239224, -1.638724135518752 ], [ -78.668840922155042, -1.638709528805872 ], [ -78.668665434578045, -1.638610077107058 ], [ -78.668612695239688, -1.638591197350568 ], [ -78.668576086140874, -1.638578091172504 ], [ -78.668475479591066, -1.638542074800277 ], [ -78.668437127970975, -1.638521065872978 ], [ -78.668432374217105, -1.638521060303511 ], [ -78.668417184746119, -1.638512739532769 ], [ -78.668365132246606, -1.638497283015931 ], [ -78.668336083386748, -1.638488656736701 ], [ -78.668232146910995, -1.638490669235475 ], [ -78.668224699120628, -1.63848683399984 ], [ -78.668213430281455, -1.638492070155955 ], [ -78.668177654106316, -1.638500535508048 ], [ -78.668085875674535, -1.638522253442053 ], [ -78.667965564471274, -1.638553581493996 ], [ -78.667833270888778, -1.638546163056052 ], [ -78.667744301910332, -1.63851701240389 ], [ -78.667712102679644, -1.638501467955269 ], [ -78.667671951099464, -1.638489612330998 ], [ -78.66764249663963, -1.638488393609977 ], [ -78.667603523422045, -1.638496113945611 ], [ -78.667530072005803, -1.638520120482788 ], [ -78.667518178621904, -1.638524008079992 ], [ -78.667433972383222, -1.638536013548573 ], [ -78.667292078575088, -1.638514058830222 ], [ -78.667128563330962, -1.638463036003456 ], [ -78.667066033814308, -1.638453278471499 ], [ -78.666993858610837, -1.638460457264597 ], [ -78.666944438752012, -1.638486399320437 ], [ -78.666944415363005, -1.638486428220064 ], [ -78.666943724176434, -1.638486774534319 ], [ -78.666922483792675, -1.638512637531111 ], [ -78.666916820524804, -1.638523107001908 ], [ -78.666910650433451, -1.638534514199424 ], [ -78.666887972156871, -1.638576436346131 ], [ -78.666865093638378, -1.638646997837803 ], [ -78.666860448737296, -1.63869108263028 ], [ -78.666873337545681, -1.638750709148401 ], [ -78.666892908996815, -1.638813991926896 ], [ -78.666901435001705, -1.638854827927841 ], [ -78.666898177107512, -1.63892912231741 ], [ -78.666882202353094, -1.639021817472782 ], [ -78.666863076990694, -1.639088394138097 ], [ -78.666848848341814, -1.639112196159175 ], [ -78.666832262502439, -1.639139940340556 ], [ -78.666831993392407, -1.639140390202033 ], [ -78.666776607946844, -1.639191159999165 ], [ -78.666711624245778, -1.639222552782536 ], [ -78.666634632072601, -1.639236986557635 ], [ -78.666596754933011, -1.6392647337789 ], [ -78.666496747775454, -1.639337993505934 ], [ -78.666495898170126, -1.639338615344465 ], [ -78.666418434919223, -1.639428586076526 ], [ -78.666372127196894, -1.639502953770497 ], [ -78.6662756890086, -1.639691653676056 ], [ -78.666254266724977, -1.639732600060037 ], [ -78.666225062374096, -1.63978842117057 ], [ -78.666160085012763, -1.639912762774942 ], [ -78.666122531067799, -1.639953832139084 ], [ -78.666120771780243, -1.63995575643334 ], [ -78.666016372394424, -1.64003093726478 ], [ -78.665983167082246, -1.640048749875611 ], [ -78.665928863628238, -1.640068872670015 ], [ -78.665864806321053, -1.640105449814079 ], [ -78.665789254059163, -1.640148591642124 ], [ -78.665694993867916, -1.640229028255344 ], [ -78.665692939240685, -1.640230781351292 ], [ -78.665672369535415, -1.640275493736876 ], [ -78.665669733927658, -1.640323543843986 ], [ -78.665675093999724, -1.640351457479603 ], [ -78.665673718045184, -1.640410135225439 ], [ -78.665666235016332, -1.640441349538594 ], [ -78.66557174229672, -1.640563476908593 ], [ -78.665447023930625, -1.640665416568193 ], [ -78.66538633396334, -1.640715444153233 ], [ -78.665384474519882, -1.640716976908566 ], [ -78.665333855305605, -1.640806481801552 ], [ -78.665278752030659, -1.640871023736184 ], [ -78.66524860394739, -1.640906335314261 ], [ -78.665247140439604, -1.640908049328052 ], [ -78.665103521295435, -1.641011371471028 ], [ -78.665056925610131, -1.641065169763459 ], [ -78.664994984936556, -1.641204443780107 ], [ -78.664919406926671, -1.641416006605104 ], [ -78.664890375852508, -1.641583256431291 ], [ -78.664885068286708, -1.641613834168927 ], [ -78.664879903743852, -1.641674421127179 ], [ -78.664847220550286, -1.641738449683591 ], [ -78.664811459843918, -1.641805541784054 ], [ -78.664811429235954, -1.641805598698103 ], [ -78.664810326659634, -1.641806693915854 ], [ -78.664670936062251, -1.641948351858009 ], [ -78.664533596108512, -1.642144267464358 ], [ -78.664393746452419, -1.642429743460575 ], [ -78.664306862637972, -1.64258843415025 ], [ -78.664270898217524, -1.642652212004897 ], [ -78.663964901689951, -1.64300777856898 ], [ -78.663651551884612, -1.643231003490132 ], [ -78.663642826892215, -1.643238638074956 ], [ -78.66362798729898, -1.643251625086599 ], [ -78.663812177851682, -1.643318422810812 ], [ -78.664266954326607, -1.643430892078579 ], [ -78.664482242791436, -1.64346845680682 ], [ -78.664679015730371, -1.643485909025906 ], [ -78.664955619276625, -1.643527851496478 ], [ -78.665081095470015, -1.643540914172702 ], [ -78.665188026977958, -1.64355969612665 ], [ -78.665564358184241, -1.643683553369855 ], [ -78.665945438495669, -1.643810765402885 ], [ -78.666456258299306, -1.643964438302962 ], [ -78.666559236944963, -1.643974378373457 ], [ -78.666613911710272, -1.643979655888533 ], [ -78.666614200556566, -1.643979230458503 ], [ -78.666686777197782, -1.643986235727217 ], [ -78.667564874489855, -1.644129946697183 ], [ -78.667746601624685, -1.644159688608226 ], [ -78.668635327116988, -1.644311414677085 ], [ -78.670025603125268, -1.644413502538894 ], [ -78.670454218928469, -1.644465091403625 ], [ -78.670928640690875, -1.644522193103076 ], [ -78.671750841430551, -1.644654705794846 ], [ -78.6719100249353, -1.644705120187818 ], [ -78.672824811631642, -1.644931020619747 ], [ -78.67319077236715, -1.644981676819256 ], [ -78.673684276264723, -1.645012957720635 ], [ -78.674439533170471, -1.644101615677332 ], [ -78.675801455320851, -1.642458225583072 ], [ -78.676014516957039, -1.642198183249654 ], [ -78.676022540197224, -1.642188390828268 ], [ -78.676647922628732, -1.641425108931999 ], [ -78.676650942472818, -1.641421423336069 ], [ -78.678048163607897, -1.639716103686474 ], [ -78.678185099784429, -1.639548971702145 ], [ -78.678447261613869, -1.639225808344391 ], [ -78.67925024106394, -1.63823598440347 ], [ -78.680277685691323, -1.636982754252676 ], [ -78.680620068219966, -1.636565130455283 ], [ -78.680778260326818, -1.636372174941783 ], [ -78.680913957910903, -1.636178598378046 ], [ -78.680994443196752, -1.636004676029317 ], [ -78.681499987974632, -1.636307187911288 ] ] ] } },
{ "type": "Feature", "properties": { "id": 13, "numero": 13.0, "nombre": "M", "area_ha": 175.5011 }, "geometry": { "type": "Polygon", "coordinates": [ [ [ -78.642142614884449, -1.648092934981773 ], [ -78.641824024085864, -1.647247054761523 ], [ -78.641823680949528, -1.647246285992037 ], [ -78.641122758963107, -1.647627839401026 ], [ -78.640002902085754, -1.648092215264915 ], [ -78.639024439398824, -1.648876108471915 ], [ -78.63892650478283, -1.648954513327894 ], [ -78.637740894672078, -1.649430601409066 ], [ -78.637490444076747, -1.649525951883335 ], [ -78.63722256027549, -1.649576712160338 ], [ -78.637250483480926, -1.649752269275874 ], [ -78.637287044507147, -1.649886731369613 ], [ -78.637334677237931, -1.650009400204751 ], [ -78.637459502067202, -1.650243517243179 ], [ -78.637548385047381, -1.650426649180173 ], [ -78.637578316778928, -1.650507848018347 ], [ -78.637621367288759, -1.650665589232611 ], [ -78.637662672838971, -1.650947722879519 ], [ -78.637697075718037, -1.651213348465678 ], [ -78.637711012651593, -1.651409397774743 ], [ -78.637749067334752, -1.651523410744273 ], [ -78.637758909628502, -1.651623123806579 ], [ -78.637748374572169, -1.651696912480362 ], [ -78.637731959968193, -1.651853825074508 ], [ -78.637694764843317, -1.652028756561156 ], [ -78.637648240886463, -1.652160527672852 ], [ -78.637594808003342, -1.652284913359938 ], [ -78.637568597668718, -1.652356661114934 ], [ -78.63754014229778, -1.652490151452681 ], [ -78.637533023361271, -1.652593549493997 ], [ -78.637539733906976, -1.652840103822189 ], [ -78.637559772320699, -1.653576350675605 ], [ -78.637572376921156, -1.654039500531492 ], [ -78.637572668320615, -1.654165203397152 ], [ -78.637537731147816, -1.654390965758465 ], [ -78.637497884464494, -1.654512324027585 ], [ -78.637430709482757, -1.654654877908435 ], [ -78.637293691278302, -1.654932644149167 ], [ -78.637026290071461, -1.655471618596325 ], [ -78.636960396651475, -1.655604435642964 ], [ -78.636932948079135, -1.655702115242589 ], [ -78.636924424741423, -1.655826834820571 ], [ -78.636930322413335, -1.655937871428825 ], [ -78.636935605010933, -1.656037323173719 ], [ -78.636942029875172, -1.656158282177304 ], [ -78.636942132470978, -1.656254373145816 ], [ -78.636934776898158, -1.656310085635402 ], [ -78.636912835165759, -1.656392990429932 ], [ -78.636886373387426, -1.656456864349381 ], [ -78.636767572079634, -1.65671999005737 ], [ -78.636547640823437, -1.657207100703692 ], [ -78.636147533346744, -1.657639663644353 ], [ -78.635703913763933, -1.658119267912349 ], [ -78.634932291019297, -1.657459561782326 ], [ -78.634340734222405, -1.656957922784011 ], [ -78.633472367094612, -1.65838562678121 ], [ -78.633350665026796, -1.658563768706705 ], [ -78.633959171200033, -1.658996199829457 ], [ -78.633958723098161, -1.658996838381663 ], [ -78.633959170063179, -1.658997156205653 ], [ -78.634247165193472, -1.65916211554903 ], [ -78.634267135610244, -1.659173553749302 ], [ -78.634684481228419, -1.659412602809649 ], [ -78.635167367518676, -1.659660556974846 ], [ -78.636026578072475, -1.660036061257449 ], [ -78.63699390124863, -1.660596679252353 ], [ -78.637020669566638, -1.66061219252199 ], [ -78.637144026739435, -1.660697053793913 ], [ -78.637146384596832, -1.660698676510864 ], [ -78.637490586182594, -1.660935463893241 ], [ -78.638179106129954, -1.661546178325135 ], [ -78.63906942013837, -1.662348472763461 ], [ -78.639811352954695, -1.663013066417068 ], [ -78.640565191971348, -1.663659735886905 ], [ -78.641212349237961, -1.664079065065565 ], [ -78.640327692106894, -1.664514487067213 ], [ -78.640222121183712, -1.664572580777719 ], [ -78.6405808834255, -1.665001843626265 ], [ -78.64022150187435, -1.66541996057395 ], [ -78.640582306853062, -1.665803069365477 ], [ -78.640629724674653, -1.665901187325898 ], [ -78.640955038978063, -1.66615031748019 ], [ -78.641048908294962, -1.666188666036413 ], [ -78.64105763449831, -1.666192231802368 ], [ -78.641081757933208, -1.666202086850542 ], [ -78.641266238301498, -1.66627745303484 ], [ -78.641437290537212, -1.666337452100585 ], [ -78.642238730780647, -1.667280849504704 ], [ -78.642295714132203, -1.66723594377914 ], [ -78.642923777405471, -1.666724872800418 ], [ -78.643366268772496, -1.666371431682654 ], [ -78.643457376312213, -1.666266052599324 ], [ -78.643459732169802, -1.666263327300895 ], [ -78.643585228548787, -1.666118173107963 ], [ -78.644532062587032, -1.665363529317066 ], [ -78.645065872498236, -1.664894475088579 ], [ -78.645101614065524, -1.664863069440921 ], [ -78.645686901001966, -1.664347161204061 ], [ -78.646920911967172, -1.663346618206566 ], [ -78.646923095111234, -1.663344848167366 ], [ -78.647457432272205, -1.664018896099977 ], [ -78.648009448426208, -1.663534609831392 ], [ -78.648467145408659, -1.664113636036345 ], [ -78.649346334162544, -1.663335332203013 ], [ -78.649281008681029, -1.662975695327227 ], [ -78.649192225329415, -1.6626849942611 ], [ -78.649043313484498, -1.662445582269152 ], [ -78.648755690813445, -1.661975860832245 ], [ -78.648791972873624, -1.661864913609486 ], [ -78.648258376668622, -1.660877687274297 ], [ -78.648164720938112, -1.660749460760319 ], [ -78.647959392950725, -1.660468343401039 ], [ -78.647087233858684, -1.659380260340678 ], [ -78.646571039573175, -1.658751814372525 ], [ -78.64570960953489, -1.65763504417283 ], [ -78.645581576652688, -1.657372997661671 ], [ -78.64546078366071, -1.657017682432073 ], [ -78.645315421045794, -1.65633586782675 ], [ -78.645200710655416, -1.655786955249415 ], [ -78.645159439498542, -1.655589463851312 ], [ -78.645149369645978, -1.655546166787451 ], [ -78.644974990457186, -1.654796387308506 ], [ -78.644793947382141, -1.654139644194517 ], [ -78.644534416550457, -1.653529444359342 ], [ -78.644228410371596, -1.653030406455139 ], [ -78.643723178264835, -1.652175959680883 ], [ -78.64348838349558, -1.65175234464254 ], [ -78.643239743763559, -1.65097713086703 ], [ -78.642852987647856, -1.649864964465692 ], [ -78.642142614884449, -1.648092934981773 ] ] ] } },
{ "type": "Feature", "properties": { "id": 14, "numero": 14.0, "nombre": "O", "area_ha": 223.7245 }, "geometry": { "type": "Polygon", "coordinates": [ [ [ -78.63299336808916, -1.667099684635948 ], [ -78.632759589431473, -1.667615913819711 ], [ -78.632743494644146, -1.667651454733007 ], [ -78.632530305379078, -1.668144263850754 ], [ -78.632198099424244, -1.66890687076046 ], [ -78.632022891466676, -1.669405038871466 ], [ -78.631712525999163, -1.670024636445745 ], [ -78.631519229168191, -1.670586193211061 ], [ -78.631157618252601, -1.671302002827356 ], [ -78.630849587584237, -1.671781158830316 ], [ -78.630565972301639, -1.672286255855131 ], [ -78.630321635875887, -1.672519020637103 ], [ -78.629752758575961, -1.673145571606693 ], [ -78.630149638099908, -1.673584364080122 ], [ -78.630754750965252, -1.674374359043187 ], [ -78.63121705644204, -1.674915489462257 ], [ -78.630622079316396, -1.675504912356451 ], [ -78.630241045457439, -1.676135855604035 ], [ -78.629945239591535, -1.677044339528892 ], [ -78.629953497791476, -1.677805881436941 ], [ -78.631367504225537, -1.676695987637234 ], [ -78.631771043451337, -1.676374124354354 ], [ -78.631933266907438, -1.677017814671911 ], [ -78.63240874501723, -1.676897389482875 ], [ -78.633179998515729, -1.676686376991476 ], [ -78.633202968595114, -1.676773826653756 ], [ -78.633316580791046, -1.677165007402663 ], [ -78.633373299349614, -1.677434142903632 ], [ -78.633422959716441, -1.677642281358489 ], [ -78.633365962143998, -1.677653050296054 ], [ -78.633448207232945, -1.678000634405118 ], [ -78.633840077867845, -1.677899001587672 ], [ -78.634058432469971, -1.677842370201683 ], [ -78.634270978749868, -1.677787245816976 ], [ -78.634584539337936, -1.677705922246733 ], [ -78.636018154288564, -1.677334107402625 ], [ -78.635938032253833, -1.677043927085197 ], [ -78.636332815935575, -1.676943392436964 ], [ -78.636263409148242, -1.676679660223112 ], [ -78.63628082132864, -1.676675369544714 ], [ -78.63627810963483, -1.676669931701879 ], [ -78.636275854520363, -1.676664286505515 ], [ -78.636274070310051, -1.676658473746808 ], [ -78.63627260005758, -1.676651533240169 ], [ -78.636272003701521, -1.676646953104992 ], [ -78.636271663875874, -1.676641192722984 ], [ -78.636271729175419, -1.676636183111792 ], [ -78.636272280945093, -1.676630011612243 ], [ -78.63627336994027, -1.676623799183901 ], [ -78.636274532438691, -1.676619213954767 ], [ -78.636275470272011, -1.676616203133373 ], [ -78.636277112273376, -1.676611770350591 ], [ -78.636278400390864, -1.676608799728698 ], [ -78.636279092032765, -1.676607336170375 ], [ -78.636280572275169, -1.676604456176964 ], [ -78.636282176396534, -1.67660164684221 ], [ -78.636283902598109, -1.676598909971792 ], [ -78.636286711801802, -1.676594954085167 ], [ -78.636288725207848, -1.676592423664367 ], [ -78.63629042532655, -1.676590462351287 ], [ -78.636291949016496, -1.676588804550972 ], [ -78.636293675827773, -1.6765870566025 ], [ -78.63629540432062, -1.676585404474766 ], [ -78.636296603932934, -1.67658432480854 ], [ -78.636299073130644, -1.676582243300818 ], [ -78.636300342711678, -1.676581245075111 ], [ -78.636302275751419, -1.676579811951834 ], [ -78.63630417452606, -1.676578487260903 ], [ -78.63630547267654, -1.676577635509803 ], [ -78.636307640948118, -1.676576302106901 ], [ -78.636309472926243, -1.676575246711862 ], [ -78.636310839209841, -1.676574508941242 ], [ -78.636312219831311, -1.676573800114462 ], [ -78.636313616587245, -1.67657312023367 ], [ -78.636315025884471, -1.676572469294519 ], [ -78.636317116373959, -1.676571576924635 ], [ -78.636319332601943, -1.676570702786542 ], [ -78.636322262247674, -1.67656968126768 ], [ -78.636324365018098, -1.676569034787084 ], [ -78.6363261585999, -1.676568536178541 ], [ -78.63632817496773, -1.676568028801227 ], [ -78.636329666525498, -1.676567696152429 ], [ -78.636332671089278, -1.676567123083753 ], [ -78.636335697057902, -1.676566678401996 ], [ -78.636337215375505, -1.676566503072992 ], [ -78.636340262673045, -1.676566250054537 ], [ -78.636343318799405, -1.676566125407704 ], [ -78.636346410701023, -1.676566130973156 ], [ -78.636347973661799, -1.676566181685895 ], [ -78.636351092271212, -1.676566387960674 ], [ -78.636354199940641, -1.67656672800676 ], [ -78.636357291282522, -1.676567200009693 ], [ -78.636361883978779, -1.676568158354384 ], [ -78.636364906655999, -1.676568959311678 ], [ -78.63636789324336, -1.676569892201789 ], [ -78.636370836563231, -1.676570949784442 ], [ -78.636375160530775, -1.676572773786642 ], [ -78.636379362001506, -1.676574872440784 ], [ -78.636382083752679, -1.676576421502966 ], [ -78.636386036769011, -1.676578959174893 ], [ -78.636389892401525, -1.676581804071481 ], [ -78.636392356661162, -1.676583837337946 ], [ -78.636393555503375, -1.676584896416389 ], [ -78.636395883032463, -1.676587088611915 ], [ -78.636646136803137, -1.676476626282892 ], [ -78.636830528988881, -1.67712744956831 ], [ -78.636865644085503, -1.677119145171026 ], [ -78.637143393945038, -1.677041459149084 ], [ -78.637609898709584, -1.678853957413549 ], [ -78.63762003367826, -1.678886482139028 ], [ -78.638873442329128, -1.6786342592432 ], [ -78.641288359341559, -1.678341593753156 ], [ -78.641403654648045, -1.678326359762244 ], [ -78.641648953331355, -1.678046912579188 ], [ -78.64197642770452, -1.677718866185846 ], [ -78.642588013550494, -1.677169732004234 ], [ -78.643089713526024, -1.67775129546634 ], [ -78.644329001935461, -1.676662072016945 ], [ -78.644856051255076, -1.676219029061441 ], [ -78.644357640186229, -1.675630062834179 ], [ -78.644935180782241, -1.675121848405296 ], [ -78.64492815804023, -1.675113481935526 ], [ -78.644795439090487, -1.674955358754456 ], [ -78.644445652131765, -1.674538617143297 ], [ -78.644013514712995, -1.674036588254326 ], [ -78.645140291761322, -1.673032290962057 ], [ -78.644202864333209, -1.671935692849476 ], [ -78.643096839820316, -1.672946496267021 ], [ -78.642596704617546, -1.672371850757341 ], [ -78.642657913855899, -1.672317906268908 ], [ -78.642851059033219, -1.672148471164683 ], [ -78.643210755047548, -1.671830234829965 ], [ -78.643294195790048, -1.671753924372986 ], [ -78.64335504452221, -1.671700198129306 ], [ -78.643689010645247, -1.671405323839472 ], [ -78.643692905845512, -1.671403639956398 ], [ -78.643764395778703, -1.671343832056885 ], [ -78.644286309377847, -1.670883953162732 ], [ -78.644378493250287, -1.670798486989179 ], [ -78.644826199840026, -1.670406345397712 ], [ -78.644867149906744, -1.670371180308149 ], [ -78.642673615245656, -1.667790299033905 ], [ -78.642159623074605, -1.66821089097157 ], [ -78.641717895430631, -1.667689719742965 ], [ -78.641786616882243, -1.667637138289764 ], [ -78.642238730780647, -1.667280849504704 ], [ -78.641437290537212, -1.666337452100585 ], [ -78.641266238301498, -1.66627745303484 ], [ -78.640955038978063, -1.66615031748019 ], [ -78.640629724674653, -1.665901187325898 ], [ -78.640582306853062, -1.665803069365477 ], [ -78.64022150187435, -1.66541996057395 ], [ -78.6405808834255, -1.665001843626265 ], [ -78.640222121183712, -1.664572580777719 ], [ -78.640327692106894, -1.664514487067213 ], [ -78.641212349237961, -1.664079065065565 ], [ -78.640565191971348, -1.663659735886905 ], [ -78.639811352954695, -1.663013066417068 ], [ -78.63906942013837, -1.662348472763461 ], [ -78.638179106129954, -1.661546178325135 ], [ -78.637490586182594, -1.660935463893241 ], [ -78.637020669566638, -1.66061219252199 ], [ -78.63699390124863, -1.660596679252353 ], [ -78.636026578072475, -1.660036061257449 ], [ -78.635167367518676, -1.659660556974846 ], [ -78.634684481228419, -1.659412602809649 ], [ -78.634267135610244, -1.659173553749302 ], [ -78.634247165193472, -1.65916211554903 ], [ -78.633959170063179, -1.658997156205653 ], [ -78.633852125529089, -1.659075952895081 ], [ -78.633673026867868, -1.659127213515647 ], [ -78.633602486195798, -1.659147403239025 ], [ -78.63333136414731, -1.659297754078862 ], [ -78.632981512081088, -1.659699138466171 ], [ -78.632660401262612, -1.65991400502022 ], [ -78.632139076915536, -1.660609361022463 ], [ -78.631967808994872, -1.66073113041587 ], [ -78.631618460639785, -1.660709184266915 ], [ -78.631261913481055, -1.660744629098544 ], [ -78.631047797679258, -1.66092374813542 ], [ -78.631243650134039, -1.66111292921271 ], [ -78.632644724950637, -1.662101195109706 ], [ -78.633012792702871, -1.662370705645674 ], [ -78.633600605611804, -1.662724190640638 ], [ -78.633832263400237, -1.662784262733574 ], [ -78.634812460447776, -1.662946885065693 ], [ -78.635448920758563, -1.663236392213899 ], [ -78.634934697803246, -1.66395328340145 ], [ -78.634477480876299, -1.664698942230032 ], [ -78.634034729038746, -1.665272416636381 ], [ -78.633449032179087, -1.666132720395509 ], [ -78.633248379604623, -1.66660188169729 ], [ -78.63299336808916, -1.667099684635948 ] ] ] } },
{ "type": "Feature", "properties": { "id": 15, "numero": 15.0, "nombre": "P", "area_ha": 152.3491 }, "geometry": { "type": "Polygon", "coordinates": [ [ [ -78.642959969433875, -1.680581933495818 ], [ -78.642395924446433, -1.68071402341319 ], [ -78.641506931910286, -1.679646549207191 ], [ -78.64128087579013, -1.679370242159638 ], [ -78.639949675801034, -1.680575990795401 ], [ -78.6391645130158, -1.681274610244026 ], [ -78.638492381810565, -1.681859761272633 ], [ -78.637823206540915, -1.682456873464804 ], [ -78.637579190819352, -1.682668159278093 ], [ -78.637567511630024, -1.682678272000495 ], [ -78.637195688387237, -1.683000221666353 ], [ -78.63653243935633, -1.683609297877977 ], [ -78.636011967458714, -1.684075044689207 ], [ -78.63563533855303, -1.684498514527511 ], [ -78.63546733049337, -1.684672532897797 ], [ -78.635150076089957, -1.685001136696729 ], [ -78.634210962644048, -1.686311318051606 ], [ -78.633165368344535, -1.687770046250846 ], [ -78.633119763851539, -1.687835418123565 ], [ -78.632178855198219, -1.689184171054826 ], [ -78.631935740481651, -1.689449833933469 ], [ -78.632000924863988, -1.689495168207648 ], [ -78.632012132385611, -1.68950296223033 ], [ -78.632035312127343, -1.68951908363889 ], [ -78.632193150877342, -1.68962885556759 ], [ -78.632212308768061, -1.689642179750977 ], [ -78.632516735299987, -1.689786797916958 ], [ -78.632694733607238, -1.689871356393365 ], [ -78.632912590488303, -1.689974849046298 ], [ -78.633082761448037, -1.690007996751759 ], [ -78.633124328202825, -1.690016093780723 ], [ -78.633281070196361, -1.69004662525114 ], [ -78.633434475841653, -1.690076507204584 ], [ -78.633480692871416, -1.690085510266125 ], [ -78.633540605635829, -1.690097180501142 ], [ -78.63367786382247, -1.690123916787902 ], [ -78.634205252156718, -1.690162045772769 ], [ -78.63422639432919, -1.690163574964314 ], [ -78.634374535063159, -1.690174284902143 ], [ -78.634510485243752, -1.690184113901286 ], [ -78.634758382379545, -1.690185196130846 ], [ -78.63488368198982, -1.690185743861759 ], [ -78.635118928100269, -1.690183464116956 ], [ -78.635568962849959, -1.690166897618441 ], [ -78.6355767276047, -1.690167721592795 ], [ -78.635675543980469, -1.690148805517468 ], [ -78.63606629275948, -1.690074007011906 ], [ -78.636130338911869, -1.690061746566765 ], [ -78.636227401460104, -1.690030525542376 ], [ -78.636431150145498, -1.689964988378155 ], [ -78.636607463237112, -1.689908275376617 ], [ -78.637043437500864, -1.689698465491598 ], [ -78.637397054118537, -1.689468741774596 ], [ -78.63772431040455, -1.689848299068185 ], [ -78.638342186375624, -1.690486232475734 ], [ -78.638660953264221, -1.690838963089056 ], [ -78.639224238283845, -1.69148451651659 ], [ -78.639357536937865, -1.691647645089648 ], [ -78.63984442681695, -1.69219201099902 ], [ -78.639892819150802, -1.692246116665443 ], [ -78.640530152261533, -1.692958685707611 ], [ -78.640993944536987, -1.693477227835325 ], [ -78.641293883158625, -1.693131047677406 ], [ -78.641609968482115, -1.692760429729355 ], [ -78.641766631966533, -1.692619158237693 ], [ -78.641992284283887, -1.692455284613346 ], [ -78.64209240708972, -1.692409065060137 ], [ -78.642204927954836, -1.692357121464239 ], [ -78.642225296576854, -1.692347719055438 ], [ -78.642228554730337, -1.692346214343554 ], [ -78.642231346933272, -1.692343745446828 ], [ -78.642242043630503, -1.69233428962061 ], [ -78.642243595754337, -1.692332916606233 ], [ -78.642406870796393, -1.692188566939901 ], [ -78.642654709514943, -1.691969454293283 ], [ -78.642655494568885, -1.691968760112912 ], [ -78.642658192348065, -1.691966375166271 ], [ -78.64266068288353, -1.691963772113213 ], [ -78.642663173418967, -1.691961169060143 ], [ -78.642680606268641, -1.691942947687196 ], [ -78.642770762034388, -1.691848712271047 ], [ -78.643405936462031, -1.69118480041238 ], [ -78.643429596080026, -1.691160070919209 ], [ -78.643432085715006, -1.691157467861134 ], [ -78.643434576248282, -1.691154864804161 ], [ -78.64343625323248, -1.691152748888298 ], [ -78.643438488911968, -1.691149927666778 ], [ -78.643664327569198, -1.690864951733144 ], [ -78.643963610872035, -1.690480386289751 ], [ -78.64396585110967, -1.690477508121866 ], [ -78.643968062558145, -1.69047466607699 ], [ -78.64396804443578, -1.690471071930332 ], [ -78.643967940916582, -1.690450396548371 ], [ -78.643967391387775, -1.690340720842108 ], [ -78.643967274941815, -1.690317355274702 ], [ -78.64396727763669, -1.690317355277994 ], [ -78.643967276095253, -1.690316398891861 ], [ -78.64433431276754, -1.690354797859668 ], [ -78.644428566279743, -1.690399991388174 ], [ -78.644516266260155, -1.690479074332391 ], [ -78.644915766194089, -1.691100486430042 ], [ -78.645158196764584, -1.691442428922971 ], [ -78.645900065433509, -1.692112393549942 ], [ -78.646069592953097, -1.692300028722729 ], [ -78.646632363186185, -1.692298383021528 ], [ -78.647147865699978, -1.692301343855702 ], [ -78.647263509705795, -1.69213211606281 ], [ -78.647436020066394, -1.691970885354239 ], [ -78.647507647043497, -1.69170190361125 ], [ -78.647431165887511, -1.691068003453713 ], [ -78.647556155058112, -1.690894756159167 ], [ -78.647871031899811, -1.690931015589404 ], [ -78.648156459433494, -1.690751984168997 ], [ -78.648585391868878, -1.689825713518732 ], [ -78.648888960655682, -1.689383614006466 ], [ -78.649055859028223, -1.68894732661856 ], [ -78.649168956093348, -1.68878004402723 ], [ -78.649317676145515, -1.68863672079155 ], [ -78.649555438463125, -1.688565258497345 ], [ -78.65012584627911, -1.688577911141506 ], [ -78.650749595554259, -1.688704236314565 ], [ -78.651022973075712, -1.688662713756031 ], [ -78.651240203920565, -1.688459683801772 ], [ -78.650821245728764, -1.688467431899147 ], [ -78.650464796886425, -1.688413184693738 ], [ -78.650031174169897, -1.688299050291664 ], [ -78.64998971752442, -1.688185392117635 ], [ -78.650025520153235, -1.688059870371327 ], [ -78.650085147477924, -1.68788654190298 ], [ -78.650150838213932, -1.687611573324619 ], [ -78.650091692059647, -1.687384286812379 ], [ -78.649997246785674, -1.686863970787239 ], [ -78.649938107734258, -1.686630705551066 ], [ -78.649766151028743, -1.686331530274603 ], [ -78.649493420005228, -1.685834915620542 ], [ -78.649272064762769, -1.685547021766484 ], [ -78.643449434522509, -1.685881659604672 ], [ -78.642959969433875, -1.680581933495818 ] ] ] } },
{ "type": "Feature", "properties": { "id": 16, "numero": 16.0, "nombre": "Ñ", "area_ha": 196.6383 }, "geometry": { "type": "Polygon", "coordinates": [ [ [ -78.648539959576439, -1.675980260253542 ], [ -78.648065693899142, -1.675383111119238 ], [ -78.648628859125225, -1.674906840718286 ], [ -78.647684575128821, -1.673740722197208 ], [ -78.647205710923657, -1.673171705897191 ], [ -78.646609730475504, -1.673680423771307 ], [ -78.646144805591916, -1.6730656002406 ], [ -78.645747284329332, -1.673410217119941 ], [ -78.644445652131765, -1.674538617143297 ], [ -78.644795439090487, -1.674955358754456 ], [ -78.64492815804023, -1.675113481935526 ], [ -78.644935180782241, -1.675121848405296 ], [ -78.644357640186229, -1.675630062834179 ], [ -78.644856051255076, -1.676219029061441 ], [ -78.644329001935461, -1.676662072016945 ], [ -78.643089713526024, -1.67775129546634 ], [ -78.642588013550494, -1.677169732004234 ], [ -78.64197642770452, -1.677718866185846 ], [ -78.641648953331355, -1.678046912579188 ], [ -78.641403654648045, -1.678326359762244 ], [ -78.641830080461673, -1.678872653069661 ], [ -78.64128087579013, -1.679370242159638 ], [ -78.641506931910286, -1.679646549207191 ], [ -78.642395924446433, -1.68071402341319 ], [ -78.642959969433875, -1.680581933495818 ], [ -78.643449434522509, -1.685881659604672 ], [ -78.649272064762769, -1.685547021766484 ], [ -78.649493420005228, -1.685834915620542 ], [ -78.649766151028743, -1.686331530274603 ], [ -78.649938107734258, -1.686630705551066 ], [ -78.649997246785674, -1.686863970787239 ], [ -78.650091692059647, -1.687384286812379 ], [ -78.650150838213932, -1.687611573324619 ], [ -78.650085147477924, -1.68788654190298 ], [ -78.650025520153235, -1.688059870371327 ], [ -78.64998971752442, -1.688185392117635 ], [ -78.650031174169897, -1.688299050291664 ], [ -78.650464796886425, -1.688413184693738 ], [ -78.650821245728764, -1.688467431899147 ], [ -78.651240203920565, -1.688459683801772 ], [ -78.651540500641161, -1.688179016926828 ], [ -78.651831791156056, -1.688065764079772 ], [ -78.652824304697418, -1.687887590165447 ], [ -78.653169258690284, -1.687618938952562 ], [ -78.653704812508494, -1.686967841440049 ], [ -78.65380011911067, -1.686770639549384 ], [ -78.653996768497123, -1.686298509544916 ], [ -78.654121985070276, -1.685933922026069 ], [ -78.654258835454769, -1.6857786255914 ], [ -78.654383694771184, -1.685713003846597 ], [ -78.654645131500686, -1.685719300546972 ], [ -78.654829258761708, -1.68577931724946 ], [ -78.6549897189647, -1.685755593850364 ], [ -78.655162264137644, -1.68556446405399 ], [ -78.655396257377845, -1.685168745257763 ], [ -78.655922332948421, -1.684496148266269 ], [ -78.656120492981387, -1.684244188911038 ], [ -78.656513187849939, -1.683802192430426 ], [ -78.656786630748016, -1.683706854160784 ], [ -78.657279745057949, -1.683761264565826 ], [ -78.657469936346317, -1.683719639298434 ], [ -78.657690244267144, -1.683337227130301 ], [ -78.658100593417018, -1.683038755213295 ], [ -78.65842152200446, -1.682985328298522 ], [ -78.658795819685608, -1.683021657155588 ], [ -78.659152399427697, -1.682968274070423 ], [ -78.660138430954575, -1.683244515543014 ], [ -78.660685145600965, -1.683197340643051 ], [ -78.660863489167951, -1.683125803692725 ], [ -78.661309005985302, -1.683233970468087 ], [ -78.661502002242358, -1.683221688935937 ], [ -78.661677946162541, -1.683169283232521 ], [ -78.662015533517618, -1.683097937405728 ], [ -78.662215120371272, -1.683150797248333 ], [ -78.662438309367616, -1.683342406519094 ], [ -78.662438600356509, -1.683343213208732 ], [ -78.662500881218776, -1.683311341266135 ], [ -78.662585557988123, -1.683268007824581 ], [ -78.662606544381219, -1.683109580381983 ], [ -78.662648415595967, -1.682876434516013 ], [ -78.662830039772885, -1.682544798204478 ], [ -78.662925242010715, -1.682434294538585 ], [ -78.662938792602873, -1.682412741315399 ], [ -78.662949214751222, -1.682396163371177 ], [ -78.662952179632086, -1.682390492743661 ], [ -78.662864467924877, -1.682342211858677 ], [ -78.662819551349969, -1.682294157946401 ], [ -78.662707800465071, -1.682174600105329 ], [ -78.662738613003683, -1.682154499581147 ], [ -78.662651846737361, -1.682059795400929 ], [ -78.662212353200601, -1.681113730987644 ], [ -78.661808197676464, -1.680362725637081 ], [ -78.661311827086294, -1.679469329788131 ], [ -78.660742177687283, -1.678498371160212 ], [ -78.660466910327813, -1.678137445533468 ], [ -78.659923266281325, -1.677461026546184 ], [ -78.659170715104509, -1.676631169230539 ], [ -78.658382375576224, -1.677530669545986 ], [ -78.657456097652769, -1.678600152443254 ], [ -78.656525552709908, -1.679752788359197 ], [ -78.655551916443144, -1.680934021960139 ], [ -78.654881537420451, -1.680122162127946 ], [ -78.653483843755197, -1.678446786033319 ], [ -78.653478574442076, -1.67844066346787 ], [ -78.653016979418425, -1.677904378017935 ], [ -78.65289212728014, -1.678009958101536 ], [ -78.652888708445616, -1.678012891844725 ], [ -78.652463374673829, -1.678377826701938 ], [ -78.65201498307097, -1.677840356914598 ], [ -78.652012499402687, -1.677828954975931 ], [ -78.651506065476042, -1.67721605580015 ], [ -78.65206660301078, -1.676754920325146 ], [ -78.651628443286441, -1.676220986198902 ], [ -78.651577190762154, -1.676172868914248 ], [ -78.651543483060678, -1.676201476520603 ], [ -78.651541001432165, -1.676204934787259 ], [ -78.65153801098667, -1.676207958538881 ], [ -78.651515801969168, -1.676227129123981 ], [ -78.651078395586836, -1.676609055483105 ], [ -78.6510124067715, -1.676666174730003 ], [ -78.650607605038303, -1.676166879220578 ], [ -78.650141966929553, -1.675568366039643 ], [ -78.649610640269486, -1.676077766805623 ], [ -78.649144899816292, -1.675488006749465 ], [ -78.648539959576439, -1.675980260253542 ] ] ] } },
{ "type": "Feature", "properties": { "id": 18, "numero": 18.0, "nombre": "J", "area_ha": 236.2313 }, "geometry": { "type": "Polygon", "coordinates": [ [ [ -78.657456097652769, -1.678600152443254 ], [ -78.658382375576224, -1.677530669545986 ], [ -78.659170715104509, -1.676631169230539 ], [ -78.659923266281325, -1.677461026546184 ], [ -78.660466910327813, -1.678137445533468 ], [ -78.660742177687283, -1.678498371160212 ], [ -78.661311827086294, -1.679469329788131 ], [ -78.661808197676464, -1.680362725637081 ], [ -78.662212353200601, -1.681113730987644 ], [ -78.662651846737361, -1.682059795400929 ], [ -78.662739012821831, -1.682155194309955 ], [ -78.662802944750595, -1.682113486413492 ], [ -78.662931341574236, -1.682070588865084 ], [ -78.663147154217015, -1.681979681201001 ], [ -78.663289760206723, -1.681972494792403 ], [ -78.663331868819469, -1.68197893840297 ], [ -78.663503640791077, -1.682005223988142 ], [ -78.663667646970865, -1.681998246849116 ], [ -78.663721324748082, -1.68182969262216 ], [ -78.663657886533329, -1.681212544312361 ], [ -78.663550684391893, -1.68091411037329 ], [ -78.663512197160443, -1.680806966454231 ], [ -78.663530227048994, -1.680634782332198 ], [ -78.663685221359856, -1.68040411187993 ], [ -78.663737373264411, -1.680326495812618 ], [ -78.663751234728295, -1.680160523222625 ], [ -78.663788006527994, -1.679720247475186 ], [ -78.663912103052581, -1.679566925660883 ], [ -78.664020082716448, -1.679433516011243 ], [ -78.664048940632313, -1.679150127838025 ], [ -78.664008458506359, -1.67905475933676 ], [ -78.663910287710763, -1.678823486715682 ], [ -78.663916152443718, -1.678746602259042 ], [ -78.663971853979632, -1.678016344504027 ], [ -78.663679949919157, -1.677646467834315 ], [ -78.66371590753657, -1.677388201355242 ], [ -78.664156704690129, -1.677091448490818 ], [ -78.664301061056804, -1.676994265439151 ], [ -78.664383264416102, -1.676822157329429 ], [ -78.664486734805863, -1.676754116965156 ], [ -78.664661214618675, -1.676933708178025 ], [ -78.664764612704232, -1.676926656651675 ], [ -78.664832397132983, -1.676887274404221 ], [ -78.664857472977005, -1.676786851013331 ], [ -78.664850482608472, -1.676668450765437 ], [ -78.664760808247394, -1.676366894918741 ], [ -78.664754924439933, -1.676347109025049 ], [ -78.664655177064674, -1.676011679370784 ], [ -78.664691079874913, -1.675800051929246 ], [ -78.664626912185483, -1.675649869158434 ], [ -78.664534647049962, -1.675433926048538 ], [ -78.664600541146385, -1.675311314913996 ], [ -78.664673799606959, -1.675174998495705 ], [ -78.664767446922994, -1.675000744361365 ], [ -78.664801717372086, -1.674936976140473 ], [ -78.6649026695966, -1.674749129617265 ], [ -78.665598524698169, -1.674201055947495 ], [ -78.665648454502005, -1.67411515827517 ], [ -78.665773573775112, -1.673899905028262 ], [ -78.66595962351991, -1.673340456168239 ], [ -78.666056771051615, -1.673366844583436 ], [ -78.666198412670525, -1.673405319927211 ], [ -78.66630905930414, -1.673297823120655 ], [ -78.66644355667782, -1.672742182095734 ], [ -78.666443358306353, -1.672742051686653 ], [ -78.666528996061103, -1.672388261833778 ], [ -78.666850342951918, -1.671979656069223 ], [ -78.666950777250918, -1.67146315650117 ], [ -78.667307114855618, -1.671614263583932 ], [ -78.667613785759286, -1.67155722816194 ], [ -78.667719437834933, -1.671383331131774 ], [ -78.66797099592425, -1.670969281550013 ], [ -78.668192154069317, -1.670869092075356 ], [ -78.668220784019098, -1.670725925564241 ], [ -78.668199723871155, -1.670496942694724 ], [ -78.668199795953072, -1.670496758370792 ], [ -78.66819972499934, -1.67049598629502 ], [ -78.668264091863819, -1.67033103156561 ], [ -78.668428232949026, -1.670209248489005 ], [ -78.669155457325715, -1.670267519007488 ], [ -78.669572950347259, -1.670087261047958 ], [ -78.669554713531809, -1.670045587884971 ], [ -78.669550778764503, -1.670036597710838 ], [ -78.669364631709726, -1.669611236830824 ], [ -78.669181723220774, -1.668907397963833 ], [ -78.669163634042604, -1.668370462585952 ], [ -78.668498996004004, -1.66764257439027 ], [ -78.66813697883596, -1.667277410402815 ], [ -78.668105536871124, -1.667284621855885 ], [ -78.667971623686455, -1.667315335494357 ], [ -78.667779387267629, -1.667075930133833 ], [ -78.667311930851952, -1.666424814296307 ], [ -78.666908570583686, -1.665838352976172 ], [ -78.66675445967104, -1.665705410468644 ], [ -78.666567371369794, -1.665636424306217 ], [ -78.666509925782805, -1.66561812457451 ], [ -78.665715851066622, -1.665365170308932 ], [ -78.665691268366288, -1.665357338844549 ], [ -78.665296374793172, -1.665150578707306 ], [ -78.664996636563885, -1.66487217953869 ], [ -78.664800877617751, -1.664596894724501 ], [ -78.664182701333885, -1.663645752675944 ], [ -78.662838258725401, -1.661577160017626 ], [ -78.662883943115361, -1.661585887990284 ], [ -78.663026343567807, -1.661613091620612 ], [ -78.663144455028217, -1.661582922237926 ], [ -78.663819177100365, -1.661246065493578 ], [ -78.664024090293537, -1.66108292255355 ], [ -78.664606781154305, -1.660608756675492 ], [ -78.664810096034429, -1.660452626362775 ], [ -78.664552990622155, -1.660203652456342 ], [ -78.664382192573512, -1.659923614204862 ], [ -78.664339908130657, -1.659500223810848 ], [ -78.664020141867169, -1.658567059771784 ], [ -78.66384263484764, -1.657928250594767 ], [ -78.663864572944817, -1.65746188428794 ], [ -78.663889305050972, -1.657028835215978 ], [ -78.663785526103567, -1.657151831550919 ], [ -78.663711796256678, -1.65716971670324 ], [ -78.663750852913168, -1.65720377487017 ], [ -78.663013168430126, -1.658308889522313 ], [ -78.662327444142079, -1.659309679844685 ], [ -78.662031016476476, -1.659754192788944 ], [ -78.661913055530661, -1.660019536598049 ], [ -78.661368752306473, -1.660832181799906 ], [ -78.660933427549509, -1.661501742566739 ], [ -78.660542228687845, -1.662087978146143 ], [ -78.660080738773004, -1.662747252129251 ], [ -78.659668201176103, -1.663339416673791 ], [ -78.65936846509959, -1.663795249324513 ], [ -78.658772256059336, -1.664642000475247 ], [ -78.658641343439641, -1.664820212492562 ], [ -78.658309339268726, -1.664471516306923 ], [ -78.656542705342972, -1.666015419626673 ], [ -78.656069138422808, -1.665470969709172 ], [ -78.655514994643241, -1.665973333373374 ], [ -78.654934222262497, -1.666474331220721 ], [ -78.655927881113442, -1.667624609542698 ], [ -78.655888174108071, -1.667659166541813 ], [ -78.655869140264755, -1.667670405291704 ], [ -78.656667258158862, -1.66861156332311 ], [ -78.656757705042239, -1.668719314828553 ], [ -78.65684132103101, -1.668818927905416 ], [ -78.656975767556901, -1.668780954521684 ], [ -78.656993444927451, -1.668807707726742 ], [ -78.657039860149624, -1.66886902408651 ], [ -78.657000138737132, -1.6688921739673 ], [ -78.656349389471998, -1.669390161473584 ], [ -78.655358258992351, -1.670148625897803 ], [ -78.655340734940737, -1.670163069155947 ], [ -78.655730232083783, -1.670656444206555 ], [ -78.655226513529172, -1.671097637177324 ], [ -78.655220619958797, -1.671102798952003 ], [ -78.655745881144639, -1.671730235965507 ], [ -78.656232200340924, -1.671307000041749 ], [ -78.656599579123764, -1.67179702900681 ], [ -78.656584288759248, -1.671817999465616 ], [ -78.656582686400398, -1.671821610681407 ], [ -78.656580500532883, -1.671824896673329 ], [ -78.656577795045266, -1.671827765313875 ], [ -78.656574646393707, -1.671830131722407 ], [ -78.656383277666507, -1.672017504862849 ], [ -78.656188063964478, -1.672177816796166 ], [ -78.656104901610917, -1.672258472365363 ], [ -78.656085084463925, -1.672275684404966 ], [ -78.655824038183752, -1.672502405354121 ], [ -78.655642789390612, -1.672659672170496 ], [ -78.65563927081196, -1.672664161537279 ], [ -78.65563505951927, -1.672668000121914 ], [ -78.6556302733173, -1.672671080494514 ], [ -78.655535878052873, -1.672748410349663 ], [ -78.655521988082995, -1.672763177951565 ], [ -78.655446194895205, -1.672830584768326 ], [ -78.655415278046988, -1.672857889734327 ], [ -78.655198520932842, -1.67304868776634 ], [ -78.655030117826271, -1.67319000044248 ], [ -78.654981753501644, -1.673229240194953 ], [ -78.654942844802179, -1.67326080854766 ], [ -78.654447563786931, -1.673696464465195 ], [ -78.654363763346723, -1.673769712840433 ], [ -78.65418957612323, -1.673920744029493 ], [ -78.653880335930452, -1.67418887347679 ], [ -78.653795567406661, -1.674260346125353 ], [ -78.653582896059476, -1.67444463812799 ], [ -78.653327372976548, -1.674666061943255 ], [ -78.653269327212158, -1.674713206775909 ], [ -78.653232152027158, -1.674743399466388 ], [ -78.653096939964072, -1.674859779655228 ], [ -78.652777078488498, -1.67513509303526 ], [ -78.652758702929972, -1.675150909173417 ], [ -78.652757018074226, -1.675152876872157 ], [ -78.652755027272718, -1.675154530527608 ], [ -78.652667809191612, -1.675228881882359 ], [ -78.652440045952716, -1.675426260878331 ], [ -78.652206249766465, -1.67562886824249 ], [ -78.652113353970208, -1.675706603417767 ], [ -78.652081441998916, -1.675734440336573 ], [ -78.651637590544553, -1.676121607747059 ], [ -78.651577190762154, -1.676172868914248 ], [ -78.651628443286441, -1.676220986198902 ], [ -78.65206660301078, -1.676754920325146 ], [ -78.651506065476042, -1.67721605580015 ], [ -78.652012499402687, -1.677828954975931 ], [ -78.65201498307097, -1.677840356914598 ], [ -78.652463374673829, -1.678377826701938 ], [ -78.65289212728014, -1.678009958101536 ], [ -78.653016215125746, -1.677903490309325 ], [ -78.653478574383655, -1.678440663400011 ], [ -78.653475920073745, -1.678442831576552 ], [ -78.654508339628748, -1.679675822960478 ], [ -78.655551916443144, -1.680934021960139 ], [ -78.656525552709908, -1.679752788359197 ], [ -78.657456097652769, -1.678600152443254 ] ] ] } }
]
}
